timestamp,approach,operation,iteration,status_code,time_ms,id,notes
2026-04-30T12:08:11+05:30,user_cacheable,create,1,201,291.534,512,-
2026-04-30T12:08:11+05:30,user_cacheable,create,2,201,20.565,513,-
2026-04-30T12:08:11+05:30,user_cacheable,create,3,201,19.495,514,-
2026-04-30T12:08:11+05:30,user_cacheable,create,4,201,14.534,515,-
2026-04-30T12:08:11+05:30,user_cacheable,create,5,201,14.379,516,-
2026-04-30T12:08:11+05:30,user_cacheable,create,6,201,12.830,517,-
2026-04-30T12:08:11+05:30,user_cacheable,create,7,201,12.565,518,-
2026-04-30T12:08:11+05:30,user_cacheable,create,8,201,15.159,519,-
2026-04-30T12:08:11+05:30,user_cacheable,create,9,201,14.368,520,-
2026-04-30T12:08:11+05:30,user_cacheable,create,10,201,12.451,521,-
2026-04-30T12:08:11+05:30,user_cacheable,create,11,201,12.482,522,-
2026-04-30T12:08:11+05:30,user_cacheable,create,12,201,12.572,523,-
2026-04-30T12:08:11+05:30,user_cacheable,create,13,201,12.721,524,-
2026-04-30T12:08:12+05:30,user_cacheable,create,14,201,13.999,525,-
2026-04-30T12:08:12+05:30,user_cacheable,create,15,201,14.130,526,-
2026-04-30T12:08:12+05:30,user_cacheable,create,16,201,13.453,527,-
2026-04-30T12:08:12+05:30,user_cacheable,create,17,201,11.944,528,-
2026-04-30T12:08:12+05:30,user_cacheable,create,18,201,13.373,529,-
2026-04-30T12:08:12+05:30,user_cacheable,create,19,201,12.791,530,-
2026-04-30T12:08:12+05:30,user_cacheable,create,20,201,12.237,531,-
2026-04-30T12:08:12+05:30,user_cacheable,create,21,201,13.694,532,-
2026-04-30T12:08:12+05:30,user_cacheable,create,22,201,11.940,533,-
2026-04-30T12:08:12+05:30,user_cacheable,create,23,201,12.169,534,-
2026-04-30T12:08:12+05:30,user_cacheable,create,24,201,11.742,535,-
2026-04-30T12:08:12+05:30,user_cacheable,create,25,201,12.456,536,-
2026-04-30T12:08:12+05:30,user_cacheable,create,26,201,13.234,537,-
2026-04-30T12:08:12+05:30,user_cacheable,create,27,201,12.246,538,-
2026-04-30T12:08:12+05:30,user_cacheable,create,28,201,11.259,539,-
2026-04-30T12:08:12+05:30,user_cacheable,create,29,201,11.850,540,-
2026-04-30T12:08:12+05:30,user_cacheable,create,30,201,18.198,541,-
2026-04-30T12:08:12+05:30,user_cacheable,create,31,201,16.210,542,-
2026-04-30T12:08:12+05:30,user_cacheable,create,32,201,13.847,543,-
2026-04-30T12:08:12+05:30,user_cacheable,create,33,201,12.276,544,-
2026-04-30T12:08:12+05:30,user_cacheable,create,34,201,11.471,545,-
2026-04-30T12:08:12+05:30,user_cacheable,create,35,201,11.171,546,-
2026-04-30T12:08:12+05:30,user_cacheable,create,36,201,11.520,547,-
2026-04-30T12:08:12+05:30,user_cacheable,create,37,201,12.263,548,-
2026-04-30T12:08:12+05:30,user_cacheable,create,38,201,11.584,549,-
2026-04-30T12:08:12+05:30,user_cacheable,create,39,201,10.985,550,-
2026-04-30T12:08:12+05:30,user_cacheable,create,40,201,11.757,551,-
2026-04-30T12:08:12+05:30,user_cacheable,create,41,201,11.747,552,-
2026-04-30T12:08:13+05:30,user_cacheable,create,42,201,12.342,553,-
2026-04-30T12:08:13+05:30,user_cacheable,create,43,201,13.222,554,-
2026-04-30T12:08:13+05:30,user_cacheable,create,44,201,12.296,555,-
2026-04-30T12:08:13+05:30,user_cacheable,create,45,201,11.778,556,-
2026-04-30T12:08:13+05:30,user_cacheable,create,46,201,11.604,557,-
2026-04-30T12:08:13+05:30,user_cacheable,create,47,201,11.736,558,-
2026-04-30T12:08:13+05:30,user_cacheable,create,48,201,11.646,559,-
2026-04-30T12:08:13+05:30,user_cacheable,create,49,201,13.876,560,-
2026-04-30T12:08:13+05:30,user_cacheable,create,50,201,11.547,561,-
2026-04-30T12:08:13+05:30,user_cacheable,create,51,201,11.457,562,-
2026-04-30T12:08:13+05:30,user_cacheable,create,52,201,12.004,563,-
2026-04-30T12:08:13+05:30,user_cacheable,create,53,201,11.819,564,-
2026-04-30T12:08:13+05:30,user_cacheable,create,54,201,18.007,565,-
2026-04-30T12:08:13+05:30,user_cacheable,create,55,201,11.073,566,-
2026-04-30T12:08:13+05:30,user_cacheable,create,56,201,13.415,567,-
2026-04-30T12:08:13+05:30,user_cacheable,create,57,201,12.954,568,-
2026-04-30T12:08:13+05:30,user_cacheable,create,58,201,13.439,569,-
2026-04-30T12:08:13+05:30,user_cacheable,create,59,201,13.119,570,-
2026-04-30T12:08:13+05:30,user_cacheable,create,60,201,12.989,571,-
2026-04-30T12:08:13+05:30,user_cacheable,create,61,201,13.176,572,-
2026-04-30T12:08:13+05:30,user_cacheable,create,62,201,12.926,573,-
2026-04-30T12:08:13+05:30,user_cacheable,create,63,201,13.247,574,-
2026-04-30T12:08:13+05:30,user_cacheable,create,64,201,17.672,575,-
2026-04-30T12:08:13+05:30,user_cacheable,create,65,201,28.773,576,-
2026-04-30T12:08:13+05:30,user_cacheable,create,66,201,11.687,577,-
2026-04-30T12:08:13+05:30,user_cacheable,create,67,201,12.180,578,-
2026-04-30T12:08:13+05:30,user_cacheable,create,68,201,11.697,579,-
2026-04-30T12:08:14+05:30,user_cacheable,create,69,201,12.137,580,-
2026-04-30T12:08:14+05:30,user_cacheable,create,70,201,11.393,581,-
2026-04-30T12:08:14+05:30,user_cacheable,create,71,201,10.909,582,-
2026-04-30T12:08:14+05:30,user_cacheable,create,72,201,10.868,583,-
2026-04-30T12:08:14+05:30,user_cacheable,create,73,201,11.078,584,-
2026-04-30T12:08:14+05:30,user_cacheable,create,74,201,11.906,585,-
2026-04-30T12:08:14+05:30,user_cacheable,create,75,201,16.861,586,-
2026-04-30T12:08:14+05:30,user_cacheable,create,76,201,19.216,587,-
2026-04-30T12:08:14+05:30,user_cacheable,create,77,201,18.992,588,-
2026-04-30T12:08:14+05:30,user_cacheable,create,78,201,13.024,589,-
2026-04-30T12:08:14+05:30,user_cacheable,create,79,201,13.450,590,-
2026-04-30T12:08:14+05:30,user_cacheable,create,80,201,15.658,591,-
2026-04-30T12:08:14+05:30,user_cacheable,create,81,201,16.141,592,-
2026-04-30T12:08:14+05:30,user_cacheable,create,82,201,21.135,593,-
2026-04-30T12:08:14+05:30,user_cacheable,create,83,201,14.082,594,-
2026-04-30T12:08:14+05:30,user_cacheable,create,84,201,19.671,595,-
2026-04-30T12:08:14+05:30,user_cacheable,create,85,201,23.888,596,-
2026-04-30T12:08:14+05:30,user_cacheable,create,86,201,25.014,597,-
2026-04-30T12:08:14+05:30,user_cacheable,create,87,201,13.773,598,-
2026-04-30T12:08:14+05:30,user_cacheable,create,88,201,12.588,599,-
2026-04-30T12:08:15+05:30,user_cacheable,create,89,201,18.190,600,-
2026-04-30T12:08:15+05:30,user_cacheable,create,90,201,16.876,601,-
2026-04-30T12:08:15+05:30,user_cacheable,create,91,201,15.836,602,-
2026-04-30T12:08:15+05:30,user_cacheable,create,92,201,24.086,603,-
2026-04-30T12:08:15+05:30,user_cacheable,create,93,201,18.310,604,-
2026-04-30T12:08:15+05:30,user_cacheable,create,94,201,18.317,605,-
2026-04-30T12:08:15+05:30,user_cacheable,create,95,201,16.244,606,-
2026-04-30T12:08:15+05:30,user_cacheable,create,96,201,15.925,607,-
2026-04-30T12:08:15+05:30,user_cacheable,create,97,201,15.782,608,-
2026-04-30T12:08:15+05:30,user_cacheable,create,98,201,21.354,609,-
2026-04-30T12:08:15+05:30,user_cacheable,create,99,201,19.104,610,-
2026-04-30T12:08:15+05:30,user_cacheable,create,100,201,14.557,611,-
2026-04-30T12:08:15+05:30,user_cacheable,create,101,201,15.481,612,-
2026-04-30T12:08:15+05:30,user_cacheable,create,102,201,23.408,613,-
2026-04-30T12:08:15+05:30,user_cacheable,create,103,201,17.636,614,-
2026-04-30T12:08:15+05:30,user_cacheable,create,104,201,22.898,615,-
2026-04-30T12:08:15+05:30,user_cacheable,create,105,201,18.800,616,-
2026-04-30T12:08:16+05:30,user_cacheable,create,106,201,16.923,617,-
2026-04-30T12:08:16+05:30,user_cacheable,create,107,201,26.787,618,-
2026-04-30T12:08:16+05:30,user_cacheable,create,108,201,21.669,619,-
2026-04-30T12:08:16+05:30,user_cacheable,create,109,201,14.919,620,-
2026-04-30T12:08:16+05:30,user_cacheable,create,110,201,13.817,621,-
2026-04-30T12:08:16+05:30,user_cacheable,create,111,201,18.474,622,-
2026-04-30T12:08:16+05:30,user_cacheable,create,112,201,15.911,623,-
2026-04-30T12:08:16+05:30,user_cacheable,create,113,201,12.812,624,-
2026-04-30T12:08:16+05:30,user_cacheable,create,114,201,47.014,625,-
2026-04-30T12:08:16+05:30,user_cacheable,create,115,201,19.181,626,-
2026-04-30T12:08:16+05:30,user_cacheable,create,116,201,14.003,627,-
2026-04-30T12:08:16+05:30,user_cacheable,create,117,201,14.005,628,-
2026-04-30T12:08:16+05:30,user_cacheable,create,118,201,13.021,629,-
2026-04-30T12:08:16+05:30,user_cacheable,create,119,201,11.427,630,-
2026-04-30T12:08:16+05:30,user_cacheable,create,120,201,14.025,631,-
2026-04-30T12:08:16+05:30,user_cacheable,create,121,201,16.955,632,-
2026-04-30T12:08:16+05:30,user_cacheable,create,122,201,12.373,633,-
2026-04-30T12:08:16+05:30,user_cacheable,create,123,201,15.646,634,-
2026-04-30T12:08:16+05:30,user_cacheable,create,124,201,13.109,635,-
2026-04-30T12:08:16+05:30,user_cacheable,create,125,201,12.824,636,-
2026-04-30T12:08:16+05:30,user_cacheable,create,126,201,15.624,637,-
2026-04-30T12:08:17+05:30,user_cacheable,create,127,201,11.698,638,-
2026-04-30T12:08:17+05:30,user_cacheable,create,128,201,21.328,639,-
2026-04-30T12:08:17+05:30,user_cacheable,create,129,201,15.166,640,-
2026-04-30T12:08:17+05:30,user_cacheable,create,130,201,10.954,641,-
2026-04-30T12:08:17+05:30,user_cacheable,create,131,201,14.762,642,-
2026-04-30T12:08:17+05:30,user_cacheable,create,132,201,10.351,643,-
2026-04-30T12:08:17+05:30,user_cacheable,create,133,201,11.675,644,-
2026-04-30T12:08:17+05:30,user_cacheable,create,134,201,11.478,645,-
2026-04-30T12:08:17+05:30,user_cacheable,create,135,201,11.570,646,-
2026-04-30T12:08:17+05:30,user_cacheable,create,136,201,11.424,647,-
2026-04-30T12:08:17+05:30,user_cacheable,create,137,201,12.159,648,-
2026-04-30T12:08:17+05:30,user_cacheable,create,138,201,11.479,649,-
2026-04-30T12:08:17+05:30,user_cacheable,create,139,201,11.167,650,-
2026-04-30T12:08:17+05:30,user_cacheable,create,140,201,10.543,651,-
2026-04-30T12:08:17+05:30,user_cacheable,create,141,201,11.930,652,-
2026-04-30T12:08:17+05:30,user_cacheable,create,142,201,12.733,653,-
2026-04-30T12:08:17+05:30,user_cacheable,create,143,201,15.633,654,-
2026-04-30T12:08:17+05:30,user_cacheable,create,144,201,11.597,655,-
2026-04-30T12:08:17+05:30,user_cacheable,create,145,201,11.813,656,-
2026-04-30T12:08:17+05:30,user_cacheable,create,146,201,10.341,657,-
2026-04-30T12:08:17+05:30,user_cacheable,create,147,201,10.540,658,-
2026-04-30T12:08:17+05:30,user_cacheable,create,148,201,10.007,659,-
2026-04-30T12:08:17+05:30,user_cacheable,create,149,201,10.933,660,-
2026-04-30T12:08:17+05:30,user_cacheable,create,150,201,10.809,661,-
2026-04-30T12:08:17+05:30,user_cacheable,create,151,201,11.145,662,-
2026-04-30T12:08:17+05:30,user_cacheable,create,152,201,12.249,663,-
2026-04-30T12:08:18+05:30,user_cacheable,create,153,201,10.965,664,-
2026-04-30T12:08:18+05:30,user_cacheable,create,154,201,10.405,665,-
2026-04-30T12:08:18+05:30,user_cacheable,create,155,201,10.791,666,-
2026-04-30T12:08:18+05:30,user_cacheable,create,156,201,10.482,667,-
2026-04-30T12:08:18+05:30,user_cacheable,create,157,201,10.539,668,-
2026-04-30T12:08:18+05:30,user_cacheable,create,158,201,11.050,669,-
2026-04-30T12:08:18+05:30,user_cacheable,create,159,201,13.305,670,-
2026-04-30T12:08:18+05:30,user_cacheable,create,160,201,12.569,671,-
2026-04-30T12:08:18+05:30,user_cacheable,create,161,201,11.081,672,-
2026-04-30T12:08:18+05:30,user_cacheable,create,162,201,10.325,673,-
2026-04-30T12:08:18+05:30,user_cacheable,create,163,201,31.579,674,-
2026-04-30T12:08:18+05:30,user_cacheable,create,164,201,14.486,675,-
2026-04-30T12:08:18+05:30,user_cacheable,create,165,201,10.935,676,-
2026-04-30T12:08:18+05:30,user_cacheable,create,166,201,11.898,677,-
2026-04-30T12:08:18+05:30,user_cacheable,create,167,201,12.230,678,-
2026-04-30T12:08:18+05:30,user_cacheable,create,168,201,13.180,679,-
2026-04-30T12:08:18+05:30,user_cacheable,create,169,201,11.740,680,-
2026-04-30T12:08:18+05:30,user_cacheable,create,170,201,12.206,681,-
2026-04-30T12:08:18+05:30,user_cacheable,create,171,201,11.880,682,-
2026-04-30T12:08:18+05:30,user_cacheable,create,172,201,10.326,683,-
2026-04-30T12:08:18+05:30,user_cacheable,create,173,201,10.662,684,-
2026-04-30T12:08:18+05:30,user_cacheable,create,174,201,11.235,685,-
2026-04-30T12:08:18+05:30,user_cacheable,create,175,201,10.368,686,-
2026-04-30T12:08:18+05:30,user_cacheable,create,176,201,10.471,687,-
2026-04-30T12:08:18+05:30,user_cacheable,create,177,201,12.232,688,-
2026-04-30T12:08:18+05:30,user_cacheable,create,178,201,13.413,689,-
2026-04-30T12:08:19+05:30,user_cacheable,create,179,201,11.501,690,-
2026-04-30T12:08:19+05:30,user_cacheable,create,180,201,11.887,691,-
2026-04-30T12:08:19+05:30,user_cacheable,create,181,201,23.670,692,-
2026-04-30T12:08:19+05:30,user_cacheable,create,182,201,19.695,693,-
2026-04-30T12:08:19+05:30,user_cacheable,create,183,201,16.012,694,-
2026-04-30T12:08:19+05:30,user_cacheable,create,184,201,17.206,695,-
2026-04-30T12:08:19+05:30,user_cacheable,create,185,201,20.785,696,-
2026-04-30T12:08:19+05:30,user_cacheable,create,186,201,12.641,697,-
2026-04-30T12:08:19+05:30,user_cacheable,create,187,201,12.146,698,-
2026-04-30T12:08:19+05:30,user_cacheable,create,188,201,12.499,699,-
2026-04-30T12:08:19+05:30,user_cacheable,create,189,201,12.238,700,-
2026-04-30T12:08:19+05:30,user_cacheable,create,190,201,11.369,701,-
2026-04-30T12:08:19+05:30,user_cacheable,create,191,201,11.588,702,-
2026-04-30T12:08:19+05:30,user_cacheable,create,192,201,14.376,703,-
2026-04-30T12:08:19+05:30,user_cacheable,create,193,201,11.842,704,-
2026-04-30T12:08:19+05:30,user_cacheable,create,194,201,15.053,705,-
2026-04-30T12:08:19+05:30,user_cacheable,create,195,201,11.801,706,-
2026-04-30T12:08:19+05:30,user_cacheable,create,196,201,11.569,707,-
2026-04-30T12:08:19+05:30,user_cacheable,create,197,201,11.441,708,-
2026-04-30T12:08:19+05:30,user_cacheable,create,198,201,12.903,709,-
2026-04-30T12:08:19+05:30,user_cacheable,create,199,201,10.382,710,-
2026-04-30T12:08:19+05:30,user_cacheable,create,200,201,11.761,711,-
2026-04-30T12:08:19+05:30,student_redis_repo,create,1,201,38.660,519,-
2026-04-30T12:08:20+05:30,student_redis_repo,create,2,201,10.154,520,-
2026-04-30T12:08:20+05:30,student_redis_repo,create,3,201,11.070,521,-
2026-04-30T12:08:20+05:30,student_redis_repo,create,4,201,10.968,522,-
2026-04-30T12:08:20+05:30,student_redis_repo,create,5,201,10.471,523,-
2026-04-30T12:08:20+05:30,student_redis_repo,create,6,201,11.166,524,-
2026-04-30T12:08:20+05:30,student_redis_repo,create,7,201,10.405,525,-
2026-04-30T12:08:20+05:30,student_redis_repo,create,8,201,10.609,526,-
2026-04-30T12:08:20+05:30,student_redis_repo,create,9,201,11.058,527,-
2026-04-30T12:08:20+05:30,student_redis_repo,create,10,201,10.665,528,-
2026-04-30T12:08:20+05:30,student_redis_repo,create,11,201,11.681,529,-
2026-04-30T12:08:20+05:30,student_redis_repo,create,12,201,24.363,530,-
2026-04-30T12:08:20+05:30,student_redis_repo,create,13,201,11.171,531,-
2026-04-30T12:08:20+05:30,student_redis_repo,create,14,201,10.161,532,-
2026-04-30T12:08:20+05:30,student_redis_repo,create,15,201,10.711,533,-
2026-04-30T12:08:20+05:30,student_redis_repo,create,16,201,10.431,534,-
2026-04-30T12:08:20+05:30,student_redis_repo,create,17,201,9.976,535,-
2026-04-30T12:08:20+05:30,student_redis_repo,create,18,201,11.379,536,-
2026-04-30T12:08:20+05:30,student_redis_repo,create,19,201,10.438,537,-
2026-04-30T12:08:20+05:30,student_redis_repo,create,20,201,10.079,538,-
2026-04-30T12:08:20+05:30,student_redis_repo,create,21,201,10.844,539,-
2026-04-30T12:08:20+05:30,student_redis_repo,create,22,201,10.224,540,-
2026-04-30T12:08:20+05:30,student_redis_repo,create,23,201,10.833,541,-
2026-04-30T12:08:20+05:30,student_redis_repo,create,24,201,11.116,542,-
2026-04-30T12:08:20+05:30,student_redis_repo,create,25,201,11.675,543,-
2026-04-30T12:08:20+05:30,student_redis_repo,create,26,201,10.601,544,-
2026-04-30T12:08:20+05:30,student_redis_repo,create,27,201,10.910,545,-
2026-04-30T12:08:20+05:30,student_redis_repo,create,28,201,10.893,546,-
2026-04-30T12:08:20+05:30,student_redis_repo,create,29,201,10.829,547,-
2026-04-30T12:08:20+05:30,student_redis_repo,create,30,201,10.925,548,-
2026-04-30T12:08:21+05:30,student_redis_repo,create,31,201,10.238,549,-
2026-04-30T12:08:21+05:30,student_redis_repo,create,32,201,10.209,550,-
2026-04-30T12:08:21+05:30,student_redis_repo,create,33,201,10.168,551,-
2026-04-30T12:08:21+05:30,student_redis_repo,create,34,201,11.831,552,-
2026-04-30T12:08:21+05:30,student_redis_repo,create,35,201,49.396,553,-
2026-04-30T12:08:21+05:30,student_redis_repo,create,36,201,36.194,554,-
2026-04-30T12:08:21+05:30,student_redis_repo,create,37,201,23.177,555,-
2026-04-30T12:08:21+05:30,student_redis_repo,create,38,201,24.002,556,-
2026-04-30T12:08:21+05:30,student_redis_repo,create,39,201,39.672,557,-
2026-04-30T12:08:21+05:30,student_redis_repo,create,40,201,29.644,558,-
2026-04-30T12:08:21+05:30,student_redis_repo,create,41,201,15.526,559,-
2026-04-30T12:08:21+05:30,student_redis_repo,create,42,201,13.977,560,-
2026-04-30T12:08:21+05:30,student_redis_repo,create,43,201,16.898,561,-
2026-04-30T12:08:21+05:30,student_redis_repo,create,44,201,11.057,562,-
2026-04-30T12:08:21+05:30,student_redis_repo,create,45,201,14.341,563,-
2026-04-30T12:08:22+05:30,student_redis_repo,create,46,201,11.839,564,-
2026-04-30T12:08:22+05:30,student_redis_repo,create,47,201,12.428,565,-
2026-04-30T12:08:22+05:30,student_redis_repo,create,48,201,10.652,566,-
2026-04-30T12:08:22+05:30,student_redis_repo,create,49,201,11.555,567,-
2026-04-30T12:08:22+05:30,student_redis_repo,create,50,201,11.250,568,-
2026-04-30T12:08:22+05:30,student_redis_repo,create,51,201,14.141,569,-
2026-04-30T12:08:22+05:30,student_redis_repo,create,52,201,12.761,570,-
2026-04-30T12:08:22+05:30,student_redis_repo,create,53,201,14.454,571,-
2026-04-30T12:08:22+05:30,student_redis_repo,create,54,201,13.094,572,-
2026-04-30T12:08:22+05:30,student_redis_repo,create,55,201,12.032,573,-
2026-04-30T12:08:22+05:30,student_redis_repo,create,56,201,15.840,574,-
2026-04-30T12:08:22+05:30,student_redis_repo,create,57,201,14.961,575,-
2026-04-30T12:08:22+05:30,student_redis_repo,create,58,201,12.990,576,-
2026-04-30T12:08:22+05:30,student_redis_repo,create,59,201,10.009,577,-
2026-04-30T12:08:22+05:30,student_redis_repo,create,60,201,10.253,578,-
2026-04-30T12:08:22+05:30,student_redis_repo,create,61,201,27.291,579,-
2026-04-30T12:08:22+05:30,student_redis_repo,create,62,201,9.996,580,-
2026-04-30T12:08:22+05:30,student_redis_repo,create,63,201,10.595,581,-
2026-04-30T12:08:22+05:30,student_redis_repo,create,64,201,11.277,582,-
2026-04-30T12:08:22+05:30,student_redis_repo,create,65,201,10.107,583,-
2026-04-30T12:08:22+05:30,student_redis_repo,create,66,201,11.980,584,-
2026-04-30T12:08:22+05:30,student_redis_repo,create,67,201,12.203,585,-
2026-04-30T12:08:22+05:30,student_redis_repo,create,68,201,11.001,586,-
2026-04-30T12:08:22+05:30,student_redis_repo,create,69,201,10.235,587,-
2026-04-30T12:08:22+05:30,student_redis_repo,create,70,201,10.075,588,-
2026-04-30T12:08:22+05:30,student_redis_repo,create,71,201,12.134,589,-
2026-04-30T12:08:23+05:30,student_redis_repo,create,72,201,10.395,590,-
2026-04-30T12:08:23+05:30,student_redis_repo,create,73,201,11.510,591,-
2026-04-30T12:08:23+05:30,student_redis_repo,create,74,201,11.286,592,-
2026-04-30T12:08:23+05:30,student_redis_repo,create,75,201,12.287,593,-
2026-04-30T12:08:23+05:30,student_redis_repo,create,76,201,10.476,594,-
2026-04-30T12:08:23+05:30,student_redis_repo,create,77,201,10.131,595,-
2026-04-30T12:08:23+05:30,student_redis_repo,create,78,201,10.525,596,-
2026-04-30T12:08:23+05:30,student_redis_repo,create,79,201,10.651,597,-
2026-04-30T12:08:23+05:30,student_redis_repo,create,80,201,11.496,598,-
2026-04-30T12:08:23+05:30,student_redis_repo,create,81,201,10.145,599,-
2026-04-30T12:08:23+05:30,student_redis_repo,create,82,201,10.216,600,-
2026-04-30T12:08:23+05:30,student_redis_repo,create,83,201,10.288,601,-
2026-04-30T12:08:23+05:30,student_redis_repo,create,84,201,9.497,602,-
2026-04-30T12:08:23+05:30,student_redis_repo,create,85,201,9.868,603,-
2026-04-30T12:08:23+05:30,student_redis_repo,create,86,201,13.750,604,-
2026-04-30T12:08:23+05:30,student_redis_repo,create,87,201,9.937,605,-
2026-04-30T12:08:23+05:30,student_redis_repo,create,88,201,14.076,606,-
2026-04-30T12:08:23+05:30,student_redis_repo,create,89,201,10.671,607,-
2026-04-30T12:08:23+05:30,student_redis_repo,create,90,201,12.879,608,-
2026-04-30T12:08:23+05:30,student_redis_repo,create,91,201,9.978,609,-
2026-04-30T12:08:23+05:30,student_redis_repo,create,92,201,10.789,610,-
2026-04-30T12:08:23+05:30,student_redis_repo,create,93,201,12.969,611,-
2026-04-30T12:08:23+05:30,student_redis_repo,create,94,201,10.450,612,-
2026-04-30T12:08:23+05:30,student_redis_repo,create,95,201,16.104,613,-
2026-04-30T12:08:23+05:30,student_redis_repo,create,96,201,11.990,614,-
2026-04-30T12:08:23+05:30,student_redis_repo,create,97,201,10.330,615,-
2026-04-30T12:08:23+05:30,student_redis_repo,create,98,201,13.500,616,-
2026-04-30T12:08:23+05:30,student_redis_repo,create,99,201,11.893,617,-
2026-04-30T12:08:24+05:30,student_redis_repo,create,100,201,10.235,618,-
2026-04-30T12:08:24+05:30,student_redis_repo,create,101,201,10.392,619,-
2026-04-30T12:08:24+05:30,student_redis_repo,create,102,201,13.303,620,-
2026-04-30T12:08:24+05:30,student_redis_repo,create,103,201,10.195,621,-
2026-04-30T12:08:24+05:30,student_redis_repo,create,104,201,10.480,622,-
2026-04-30T12:08:24+05:30,student_redis_repo,create,105,201,11.114,623,-
2026-04-30T12:08:24+05:30,student_redis_repo,create,106,201,10.373,624,-
2026-04-30T12:08:24+05:30,student_redis_repo,create,107,201,13.561,625,-
2026-04-30T12:08:24+05:30,student_redis_repo,create,108,201,10.269,626,-
2026-04-30T12:08:24+05:30,student_redis_repo,create,109,201,10.955,627,-
2026-04-30T12:08:24+05:30,student_redis_repo,create,110,201,35.117,628,-
2026-04-30T12:08:24+05:30,student_redis_repo,create,111,201,16.003,629,-
2026-04-30T12:08:24+05:30,student_redis_repo,create,112,201,10.474,630,-
2026-04-30T12:08:24+05:30,student_redis_repo,create,113,201,10.473,631,-
2026-04-30T12:08:24+05:30,student_redis_repo,create,114,201,12.783,632,-
2026-04-30T12:08:24+05:30,student_redis_repo,create,115,201,11.333,633,-
2026-04-30T12:08:24+05:30,student_redis_repo,create,116,201,10.233,634,-
2026-04-30T12:08:24+05:30,student_redis_repo,create,117,201,10.380,635,-
2026-04-30T12:08:24+05:30,student_redis_repo,create,118,201,10.625,636,-
2026-04-30T12:08:24+05:30,student_redis_repo,create,119,201,12.652,637,-
2026-04-30T12:08:24+05:30,student_redis_repo,create,120,201,10.817,638,-
2026-04-30T12:08:24+05:30,student_redis_repo,create,121,201,11.217,639,-
2026-04-30T12:08:24+05:30,student_redis_repo,create,122,201,9.986,640,-
2026-04-30T12:08:24+05:30,student_redis_repo,create,123,201,11.688,641,-
2026-04-30T12:08:24+05:30,student_redis_repo,create,124,201,14.539,642,-
2026-04-30T12:08:24+05:30,student_redis_repo,create,125,201,11.725,643,-
2026-04-30T12:08:24+05:30,student_redis_repo,create,126,201,11.040,644,-
2026-04-30T12:08:25+05:30,student_redis_repo,create,127,201,13.672,645,-
2026-04-30T12:08:25+05:30,student_redis_repo,create,128,201,13.186,646,-
2026-04-30T12:08:25+05:30,student_redis_repo,create,129,201,14.925,647,-
2026-04-30T12:08:25+05:30,student_redis_repo,create,130,201,12.935,648,-
2026-04-30T12:08:25+05:30,student_redis_repo,create,131,201,19.675,649,-
2026-04-30T12:08:25+05:30,student_redis_repo,create,132,201,18.452,650,-
2026-04-30T12:08:25+05:30,student_redis_repo,create,133,201,22.243,651,-
2026-04-30T12:08:25+05:30,student_redis_repo,create,134,201,16.137,652,-
2026-04-30T12:08:25+05:30,student_redis_repo,create,135,201,9.676,653,-
2026-04-30T12:08:25+05:30,student_redis_repo,create,136,201,14.138,654,-
2026-04-30T12:08:25+05:30,student_redis_repo,create,137,201,12.959,655,-
2026-04-30T12:08:25+05:30,student_redis_repo,create,138,201,9.458,656,-
2026-04-30T12:08:25+05:30,student_redis_repo,create,139,201,9.191,657,-
2026-04-30T12:08:25+05:30,student_redis_repo,create,140,201,9.953,658,-
2026-04-30T12:08:25+05:30,student_redis_repo,create,141,201,10.540,659,-
2026-04-30T12:08:25+05:30,student_redis_repo,create,142,201,10.824,660,-
2026-04-30T12:08:25+05:30,student_redis_repo,create,143,201,20.671,661,-
2026-04-30T12:08:25+05:30,student_redis_repo,create,144,201,10.047,662,-
2026-04-30T12:08:25+05:30,student_redis_repo,create,145,201,14.001,663,-
2026-04-30T12:08:25+05:30,student_redis_repo,create,146,201,13.580,664,-
2026-04-30T12:08:25+05:30,student_redis_repo,create,147,201,9.848,665,-
2026-04-30T12:08:25+05:30,student_redis_repo,create,148,201,9.772,666,-
2026-04-30T12:08:25+05:30,student_redis_repo,create,149,201,9.887,667,-
2026-04-30T12:08:25+05:30,student_redis_repo,create,150,201,9.915,668,-
2026-04-30T12:08:26+05:30,student_redis_repo,create,151,201,10.288,669,-
2026-04-30T12:08:26+05:30,student_redis_repo,create,152,201,10.050,670,-
2026-04-30T12:08:26+05:30,student_redis_repo,create,153,201,10.314,671,-
2026-04-30T12:08:26+05:30,student_redis_repo,create,154,201,12.039,672,-
2026-04-30T12:08:26+05:30,student_redis_repo,create,155,201,9.561,673,-
2026-04-30T12:08:26+05:30,student_redis_repo,create,156,201,9.461,674,-
2026-04-30T12:08:26+05:30,student_redis_repo,create,157,201,8.956,675,-
2026-04-30T12:08:26+05:30,student_redis_repo,create,158,201,22.224,676,-
2026-04-30T12:08:26+05:30,student_redis_repo,create,159,201,12.197,677,-
2026-04-30T12:08:26+05:30,student_redis_repo,create,160,201,10.496,678,-
2026-04-30T12:08:26+05:30,student_redis_repo,create,161,201,10.173,679,-
2026-04-30T12:08:26+05:30,student_redis_repo,create,162,201,9.819,680,-
2026-04-30T12:08:26+05:30,student_redis_repo,create,163,201,10.304,681,-
2026-04-30T12:08:26+05:30,student_redis_repo,create,164,201,9.766,682,-
2026-04-30T12:08:26+05:30,student_redis_repo,create,165,201,9.277,683,-
2026-04-30T12:08:26+05:30,student_redis_repo,create,166,201,10.788,684,-
2026-04-30T12:08:26+05:30,student_redis_repo,create,167,201,10.404,685,-
2026-04-30T12:08:26+05:30,student_redis_repo,create,168,201,10.122,686,-
2026-04-30T12:08:26+05:30,student_redis_repo,create,169,201,9.433,687,-
2026-04-30T12:08:26+05:30,student_redis_repo,create,170,201,9.598,688,-
2026-04-30T12:08:26+05:30,student_redis_repo,create,171,201,9.998,689,-
2026-04-30T12:08:26+05:30,student_redis_repo,create,172,201,9.862,690,-
2026-04-30T12:08:26+05:30,student_redis_repo,create,173,201,9.622,691,-
2026-04-30T12:08:26+05:30,student_redis_repo,create,174,201,9.979,692,-
2026-04-30T12:08:26+05:30,student_redis_repo,create,175,201,9.174,693,-
2026-04-30T12:08:26+05:30,student_redis_repo,create,176,201,9.928,694,-
2026-04-30T12:08:26+05:30,student_redis_repo,create,177,201,9.619,695,-
2026-04-30T12:08:26+05:30,student_redis_repo,create,178,201,9.647,696,-
2026-04-30T12:08:26+05:30,student_redis_repo,create,179,201,10.924,697,-
2026-04-30T12:08:26+05:30,student_redis_repo,create,180,201,10.592,698,-
2026-04-30T12:08:27+05:30,student_redis_repo,create,181,201,10.316,699,-
2026-04-30T12:08:27+05:30,student_redis_repo,create,182,201,10.883,700,-
2026-04-30T12:08:27+05:30,student_redis_repo,create,183,201,11.592,701,-
2026-04-30T12:08:27+05:30,student_redis_repo,create,184,201,14.759,702,-
2026-04-30T12:08:27+05:30,student_redis_repo,create,185,201,10.577,703,-
2026-04-30T12:08:27+05:30,student_redis_repo,create,186,201,9.797,704,-
2026-04-30T12:08:27+05:30,student_redis_repo,create,187,201,9.532,705,-
2026-04-30T12:08:27+05:30,student_redis_repo,create,188,201,18.667,706,-
2026-04-30T12:08:27+05:30,student_redis_repo,create,189,201,10.693,707,-
2026-04-30T12:08:27+05:30,student_redis_repo,create,190,201,10.189,708,-
2026-04-30T12:08:27+05:30,student_redis_repo,create,191,201,10.407,709,-
2026-04-30T12:08:27+05:30,student_redis_repo,create,192,201,10.555,710,-
2026-04-30T12:08:27+05:30,student_redis_repo,create,193,201,10.715,711,-
2026-04-30T12:08:27+05:30,student_redis_repo,create,194,201,10.932,712,-
2026-04-30T12:08:27+05:30,student_redis_repo,create,195,201,10.181,713,-
2026-04-30T12:08:27+05:30,student_redis_repo,create,196,201,11.165,714,-
2026-04-30T12:08:27+05:30,student_redis_repo,create,197,201,11.873,715,-
2026-04-30T12:08:27+05:30,student_redis_repo,create,198,201,11.878,716,-
2026-04-30T12:08:27+05:30,student_redis_repo,create,199,201,9.984,717,-
2026-04-30T12:08:27+05:30,student_redis_repo,create,200,201,9.974,718,-
2026-04-30T12:08:27+05:30,human_redis_template,create,1,201,30.459,507,-
2026-04-30T12:08:27+05:30,human_redis_template,create,2,201,11.291,508,-
2026-04-30T12:08:27+05:30,human_redis_template,create,3,201,10.182,509,-
2026-04-30T12:08:27+05:30,human_redis_template,create,4,201,10.516,510,-
2026-04-30T12:08:27+05:30,human_redis_template,create,5,201,11.527,511,-
2026-04-30T12:08:27+05:30,human_redis_template,create,6,201,11.204,512,-
2026-04-30T12:08:27+05:30,human_redis_template,create,7,201,30.750,513,-
2026-04-30T12:08:28+05:30,human_redis_template,create,8,201,10.850,514,-
2026-04-30T12:08:28+05:30,human_redis_template,create,9,201,11.128,515,-
2026-04-30T12:08:28+05:30,human_redis_template,create,10,201,10.225,516,-
2026-04-30T12:08:28+05:30,human_redis_template,create,11,201,12.640,517,-
2026-04-30T12:08:28+05:30,human_redis_template,create,12,201,10.765,518,-
2026-04-30T12:08:28+05:30,human_redis_template,create,13,201,10.035,519,-
2026-04-30T12:08:28+05:30,human_redis_template,create,14,201,10.815,520,-
2026-04-30T12:08:28+05:30,human_redis_template,create,15,201,11.066,521,-
2026-04-30T12:08:28+05:30,human_redis_template,create,16,201,10.469,522,-
2026-04-30T12:08:28+05:30,human_redis_template,create,17,201,11.676,523,-
2026-04-30T12:08:28+05:30,human_redis_template,create,18,201,11.386,524,-
2026-04-30T12:08:28+05:30,human_redis_template,create,19,201,10.945,525,-
2026-04-30T12:08:28+05:30,human_redis_template,create,20,201,12.556,526,-
2026-04-30T12:08:28+05:30,human_redis_template,create,21,201,14.208,527,-
2026-04-30T12:08:28+05:30,human_redis_template,create,22,201,10.235,528,-
2026-04-30T12:08:28+05:30,human_redis_template,create,23,201,12.749,529,-
2026-04-30T12:08:28+05:30,human_redis_template,create,24,201,11.393,530,-
2026-04-30T12:08:28+05:30,human_redis_template,create,25,201,13.187,531,-
2026-04-30T12:08:28+05:30,human_redis_template,create,26,201,11.010,532,-
2026-04-30T12:08:28+05:30,human_redis_template,create,27,201,11.369,533,-
2026-04-30T12:08:28+05:30,human_redis_template,create,28,201,11.426,534,-
2026-04-30T12:08:28+05:30,human_redis_template,create,29,201,11.150,535,-
2026-04-30T12:08:28+05:30,human_redis_template,create,30,201,15.203,536,-
2026-04-30T12:08:28+05:30,human_redis_template,create,31,201,10.434,537,-
2026-04-30T12:08:28+05:30,human_redis_template,create,32,201,11.280,538,-
2026-04-30T12:08:28+05:30,human_redis_template,create,33,201,13.201,539,-
2026-04-30T12:08:28+05:30,human_redis_template,create,34,201,10.985,540,-
2026-04-30T12:08:29+05:30,human_redis_template,create,35,201,13.726,541,-
2026-04-30T12:08:29+05:30,human_redis_template,create,36,201,10.514,542,-
2026-04-30T12:08:29+05:30,human_redis_template,create,37,201,10.761,543,-
2026-04-30T12:08:29+05:30,human_redis_template,create,38,201,10.247,544,-
2026-04-30T12:08:29+05:30,human_redis_template,create,39,201,12.009,545,-
2026-04-30T12:08:29+05:30,human_redis_template,create,40,201,14.471,546,-
2026-04-30T12:08:29+05:30,human_redis_template,create,41,201,10.310,547,-
2026-04-30T12:08:29+05:30,human_redis_template,create,42,201,11.473,548,-
2026-04-30T12:08:29+05:30,human_redis_template,create,43,201,10.205,549,-
2026-04-30T12:08:29+05:30,human_redis_template,create,44,201,10.389,550,-
2026-04-30T12:08:29+05:30,human_redis_template,create,45,201,14.291,551,-
2026-04-30T12:08:29+05:30,human_redis_template,create,46,201,9.966,552,-
2026-04-30T12:08:29+05:30,human_redis_template,create,47,201,9.467,553,-
2026-04-30T12:08:29+05:30,human_redis_template,create,48,201,12.629,554,-
2026-04-30T12:08:29+05:30,human_redis_template,create,49,201,10.175,555,-
2026-04-30T12:08:29+05:30,human_redis_template,create,50,201,9.985,556,-
2026-04-30T12:08:29+05:30,human_redis_template,create,51,201,10.218,557,-
2026-04-30T12:08:29+05:30,human_redis_template,create,52,201,10.388,558,-
2026-04-30T12:08:29+05:30,human_redis_template,create,53,201,10.038,559,-
2026-04-30T12:08:29+05:30,human_redis_template,create,54,201,12.106,560,-
2026-04-30T12:08:29+05:30,human_redis_template,create,55,201,11.110,561,-
2026-04-30T12:08:29+05:30,human_redis_template,create,56,201,30.313,562,-
2026-04-30T12:08:29+05:30,human_redis_template,create,57,201,10.422,563,-
2026-04-30T12:08:29+05:30,human_redis_template,create,58,201,10.493,564,-
2026-04-30T12:08:29+05:30,human_redis_template,create,59,201,10.843,565,-
2026-04-30T12:08:29+05:30,human_redis_template,create,60,201,11.541,566,-
2026-04-30T12:08:29+05:30,human_redis_template,create,61,201,9.838,567,-
2026-04-30T12:08:29+05:30,human_redis_template,create,62,201,10.533,568,-
2026-04-30T12:08:30+05:30,human_redis_template,create,63,201,10.817,569,-
2026-04-30T12:08:30+05:30,human_redis_template,create,64,201,10.359,570,-
2026-04-30T12:08:30+05:30,human_redis_template,create,65,201,10.484,571,-
2026-04-30T12:08:30+05:30,human_redis_template,create,66,201,11.990,572,-
2026-04-30T12:08:30+05:30,human_redis_template,create,67,201,10.085,573,-
2026-04-30T12:08:30+05:30,human_redis_template,create,68,201,10.304,574,-
2026-04-30T12:08:30+05:30,human_redis_template,create,69,201,9.943,575,-
2026-04-30T12:08:30+05:30,human_redis_template,create,70,201,10.609,576,-
2026-04-30T12:08:30+05:30,human_redis_template,create,71,201,11.188,577,-
2026-04-30T12:08:30+05:30,human_redis_template,create,72,201,10.993,578,-
2026-04-30T12:08:30+05:30,human_redis_template,create,73,201,11.311,579,-
2026-04-30T12:08:30+05:30,human_redis_template,create,74,201,10.097,580,-
2026-04-30T12:08:30+05:30,human_redis_template,create,75,201,9.850,581,-
2026-04-30T12:08:30+05:30,human_redis_template,create,76,201,11.295,582,-
2026-04-30T12:08:30+05:30,human_redis_template,create,77,201,11.132,583,-
2026-04-30T12:08:30+05:30,human_redis_template,create,78,201,16.567,584,-
2026-04-30T12:08:30+05:30,human_redis_template,create,79,201,10.907,585,-
2026-04-30T12:08:30+05:30,human_redis_template,create,80,201,11.035,586,-
2026-04-30T12:08:30+05:30,human_redis_template,create,81,201,10.641,587,-
2026-04-30T12:08:30+05:30,human_redis_template,create,82,201,10.648,588,-
2026-04-30T12:08:30+05:30,human_redis_template,create,83,201,10.225,589,-
2026-04-30T12:08:30+05:30,human_redis_template,create,84,201,10.498,590,-
2026-04-30T12:08:30+05:30,human_redis_template,create,85,201,11.349,591,-
2026-04-30T12:08:30+05:30,human_redis_template,create,86,201,10.841,592,-
2026-04-30T12:08:30+05:30,human_redis_template,create,87,201,10.542,593,-
2026-04-30T12:08:30+05:30,human_redis_template,create,88,201,10.607,594,-
2026-04-30T12:08:30+05:30,human_redis_template,create,89,201,10.966,595,-
2026-04-30T12:08:31+05:30,human_redis_template,create,90,201,13.124,596,-
2026-04-30T12:08:31+05:30,human_redis_template,create,91,201,11.406,597,-
2026-04-30T12:08:31+05:30,human_redis_template,create,92,201,18.242,598,-
2026-04-30T12:08:31+05:30,human_redis_template,create,93,201,15.705,599,-
2026-04-30T12:08:31+05:30,human_redis_template,create,94,201,16.393,600,-
2026-04-30T12:08:31+05:30,human_redis_template,create,95,201,14.870,601,-
2026-04-30T12:08:31+05:30,human_redis_template,create,96,201,16.072,602,-
2026-04-30T12:08:31+05:30,human_redis_template,create,97,201,14.071,603,-
2026-04-30T12:08:31+05:30,human_redis_template,create,98,201,10.572,604,-
2026-04-30T12:08:31+05:30,human_redis_template,create,99,201,10.198,605,-
2026-04-30T12:08:31+05:30,human_redis_template,create,100,201,11.057,606,-
2026-04-30T12:08:31+05:30,human_redis_template,create,101,201,10.592,607,-
2026-04-30T12:08:31+05:30,human_redis_template,create,102,201,10.605,608,-
2026-04-30T12:08:31+05:30,human_redis_template,create,103,201,10.333,609,-
2026-04-30T12:08:31+05:30,human_redis_template,create,104,201,11.135,610,-
2026-04-30T12:08:31+05:30,human_redis_template,create,105,201,36.213,611,-
2026-04-30T12:08:31+05:30,human_redis_template,create,106,201,10.833,612,-
2026-04-30T12:08:31+05:30,human_redis_template,create,107,201,11.196,613,-
2026-04-30T12:08:31+05:30,human_redis_template,create,108,201,12.109,614,-
2026-04-30T12:08:31+05:30,human_redis_template,create,109,201,10.191,615,-
2026-04-30T12:08:31+05:30,human_redis_template,create,110,201,13.458,616,-
2026-04-30T12:08:31+05:30,human_redis_template,create,111,201,16.521,617,-
2026-04-30T12:08:31+05:30,human_redis_template,create,112,201,10.965,618,-
2026-04-30T12:08:31+05:30,human_redis_template,create,113,201,10.752,619,-
2026-04-30T12:08:31+05:30,human_redis_template,create,114,201,11.638,620,-
2026-04-30T12:08:32+05:30,human_redis_template,create,115,201,13.914,621,-
2026-04-30T12:08:32+05:30,human_redis_template,create,116,201,11.842,622,-
2026-04-30T12:08:32+05:30,human_redis_template,create,117,201,14.285,623,-
2026-04-30T12:08:32+05:30,human_redis_template,create,118,201,11.041,624,-
2026-04-30T12:08:32+05:30,human_redis_template,create,119,201,10.890,625,-
2026-04-30T12:08:32+05:30,human_redis_template,create,120,201,11.513,626,-
2026-04-30T12:08:32+05:30,human_redis_template,create,121,201,15.900,627,-
2026-04-30T12:08:32+05:30,human_redis_template,create,122,201,9.825,628,-
2026-04-30T12:08:32+05:30,human_redis_template,create,123,201,10.871,629,-
2026-04-30T12:08:32+05:30,human_redis_template,create,124,201,10.993,630,-
2026-04-30T12:08:32+05:30,human_redis_template,create,125,201,9.630,631,-
2026-04-30T12:08:32+05:30,human_redis_template,create,126,201,10.250,632,-
2026-04-30T12:08:32+05:30,human_redis_template,create,127,201,10.056,633,-
2026-04-30T12:08:32+05:30,human_redis_template,create,128,201,12.476,634,-
2026-04-30T12:08:32+05:30,human_redis_template,create,129,201,9.675,635,-
2026-04-30T12:08:32+05:30,human_redis_template,create,130,201,11.051,636,-
2026-04-30T12:08:32+05:30,human_redis_template,create,131,201,10.268,637,-
2026-04-30T12:08:32+05:30,human_redis_template,create,132,201,10.262,638,-
2026-04-30T12:08:32+05:30,human_redis_template,create,133,201,10.048,639,-
2026-04-30T12:08:32+05:30,human_redis_template,create,134,201,9.868,640,-
2026-04-30T12:08:32+05:30,human_redis_template,create,135,201,9.687,641,-
2026-04-30T12:08:32+05:30,human_redis_template,create,136,201,9.868,642,-
2026-04-30T12:08:32+05:30,human_redis_template,create,137,201,9.810,643,-
2026-04-30T12:08:32+05:30,human_redis_template,create,138,201,9.384,644,-
2026-04-30T12:08:32+05:30,human_redis_template,create,139,201,9.653,645,-
2026-04-30T12:08:32+05:30,human_redis_template,create,140,201,9.618,646,-
2026-04-30T12:08:32+05:30,human_redis_template,create,141,201,14.305,647,-
2026-04-30T12:08:32+05:30,human_redis_template,create,142,201,9.909,648,-
2026-04-30T12:08:33+05:30,human_redis_template,create,143,201,12.618,649,-
2026-04-30T12:08:33+05:30,human_redis_template,create,144,201,9.952,650,-
2026-04-30T12:08:33+05:30,human_redis_template,create,145,201,10.963,651,-
2026-04-30T12:08:33+05:30,human_redis_template,create,146,201,11.721,652,-
2026-04-30T12:08:33+05:30,human_redis_template,create,147,201,10.601,653,-
2026-04-30T12:08:33+05:30,human_redis_template,create,148,201,9.946,654,-
2026-04-30T12:08:33+05:30,human_redis_template,create,149,201,9.613,655,-
2026-04-30T12:08:33+05:30,human_redis_template,create,150,201,12.391,656,-
2026-04-30T12:08:33+05:30,human_redis_template,create,151,201,10.228,657,-
2026-04-30T12:08:33+05:30,human_redis_template,create,152,201,9.878,658,-
2026-04-30T12:08:33+05:30,human_redis_template,create,153,201,10.108,659,-
2026-04-30T12:08:33+05:30,human_redis_template,create,154,201,29.708,660,-
2026-04-30T12:08:33+05:30,human_redis_template,create,155,201,9.286,661,-
2026-04-30T12:08:33+05:30,human_redis_template,create,156,201,10.137,662,-
2026-04-30T12:08:33+05:30,human_redis_template,create,157,201,11.149,663,-
2026-04-30T12:08:33+05:30,human_redis_template,create,158,201,10.386,664,-
2026-04-30T12:08:33+05:30,human_redis_template,create,159,201,11.466,665,-
2026-04-30T12:08:33+05:30,human_redis_template,create,160,201,10.006,666,-
2026-04-30T12:08:33+05:30,human_redis_template,create,161,201,10.322,667,-
2026-04-30T12:08:33+05:30,human_redis_template,create,162,201,11.192,668,-
2026-04-30T12:08:33+05:30,human_redis_template,create,163,201,10.260,669,-
2026-04-30T12:08:33+05:30,human_redis_template,create,164,201,10.176,670,-
2026-04-30T12:08:33+05:30,human_redis_template,create,165,201,9.644,671,-
2026-04-30T12:08:33+05:30,human_redis_template,create,166,201,10.279,672,-
2026-04-30T12:08:33+05:30,human_redis_template,create,167,201,9.848,673,-
2026-04-30T12:08:33+05:30,human_redis_template,create,168,201,10.500,674,-
2026-04-30T12:08:33+05:30,human_redis_template,create,169,201,9.678,675,-
2026-04-30T12:08:33+05:30,human_redis_template,create,170,201,9.630,676,-
2026-04-30T12:08:33+05:30,human_redis_template,create,171,201,9.788,677,-
2026-04-30T12:08:34+05:30,human_redis_template,create,172,201,11.902,678,-
2026-04-30T12:08:34+05:30,human_redis_template,create,173,201,10.459,679,-
2026-04-30T12:08:34+05:30,human_redis_template,create,174,201,13.270,680,-
2026-04-30T12:08:34+05:30,human_redis_template,create,175,201,21.333,681,-
2026-04-30T12:08:34+05:30,human_redis_template,create,176,201,10.551,682,-
2026-04-30T12:08:34+05:30,human_redis_template,create,177,201,10.902,683,-
2026-04-30T12:08:34+05:30,human_redis_template,create,178,201,10.361,684,-
2026-04-30T12:08:34+05:30,human_redis_template,create,179,201,11.899,685,-
2026-04-30T12:08:34+05:30,human_redis_template,create,180,201,10.591,686,-
2026-04-30T12:08:34+05:30,human_redis_template,create,181,201,10.370,687,-
2026-04-30T12:08:34+05:30,human_redis_template,create,182,201,11.389,688,-
2026-04-30T12:08:34+05:30,human_redis_template,create,183,201,10.483,689,-
2026-04-30T12:08:34+05:30,human_redis_template,create,184,201,10.358,690,-
2026-04-30T12:08:34+05:30,human_redis_template,create,185,201,10.970,691,-
2026-04-30T12:08:34+05:30,human_redis_template,create,186,201,11.682,692,-
2026-04-30T12:08:34+05:30,human_redis_template,create,187,201,10.969,693,-
2026-04-30T12:08:34+05:30,human_redis_template,create,188,201,15.850,694,-
2026-04-30T12:08:34+05:30,human_redis_template,create,189,201,14.964,695,-
2026-04-30T12:08:34+05:30,human_redis_template,create,190,201,10.938,696,-
2026-04-30T12:08:34+05:30,human_redis_template,create,191,201,10.931,697,-
2026-04-30T12:08:34+05:30,human_redis_template,create,192,201,11.023,698,-
2026-04-30T12:08:34+05:30,human_redis_template,create,193,201,10.387,699,-
2026-04-30T12:08:34+05:30,human_redis_template,create,194,201,10.486,700,-
2026-04-30T12:08:34+05:30,human_redis_template,create,195,201,10.210,701,-
2026-04-30T12:08:34+05:30,human_redis_template,create,196,201,11.134,702,-
2026-04-30T12:08:34+05:30,human_redis_template,create,197,201,10.021,703,-
2026-04-30T12:08:34+05:30,human_redis_template,create,198,201,10.084,704,-
2026-04-30T12:08:34+05:30,human_redis_template,create,199,201,9.746,705,-
2026-04-30T12:08:35+05:30,human_redis_template,create,200,201,9.633,706,-
2026-04-30T12:08:35+05:30,user_cacheable,update,1,200,79.955,712,-
2026-04-30T12:08:35+05:30,user_cacheable,update,2,200,18.769,712,-
2026-04-30T12:08:35+05:30,user_cacheable,update,3,200,25.061,712,-
2026-04-30T12:08:35+05:30,user_cacheable,update,4,200,21.040,712,-
2026-04-30T12:08:35+05:30,user_cacheable,update,5,200,17.045,712,-
2026-04-30T12:08:35+05:30,user_cacheable,update,6,200,22.245,712,-
2026-04-30T12:08:35+05:30,user_cacheable,update,7,200,19.412,712,-
2026-04-30T12:08:35+05:30,user_cacheable,update,8,200,17.169,712,-
2026-04-30T12:08:35+05:30,user_cacheable,update,9,200,18.420,712,-
2026-04-30T12:08:35+05:30,user_cacheable,update,10,200,18.270,712,-
2026-04-30T12:08:35+05:30,user_cacheable,update,11,200,17.360,712,-
2026-04-30T12:08:35+05:30,user_cacheable,update,12,200,16.918,712,-
2026-04-30T12:08:35+05:30,user_cacheable,update,13,200,18.772,712,-
2026-04-30T12:08:35+05:30,user_cacheable,update,14,200,17.018,712,-
2026-04-30T12:08:35+05:30,user_cacheable,update,15,200,16.609,712,-
2026-04-30T12:08:35+05:30,user_cacheable,update,16,200,21.472,712,-
2026-04-30T12:08:35+05:30,user_cacheable,update,17,200,20.397,712,-
2026-04-30T12:08:35+05:30,user_cacheable,update,18,200,16.715,712,-
2026-04-30T12:08:35+05:30,user_cacheable,update,19,200,20.159,712,-
2026-04-30T12:08:35+05:30,user_cacheable,update,20,200,18.183,712,-
2026-04-30T12:08:35+05:30,user_cacheable,update,21,200,19.077,712,-
2026-04-30T12:08:35+05:30,user_cacheable,update,22,200,17.106,712,-
2026-04-30T12:08:35+05:30,user_cacheable,update,23,200,16.477,712,-
2026-04-30T12:08:35+05:30,user_cacheable,update,24,200,16.766,712,-
2026-04-30T12:08:35+05:30,user_cacheable,update,25,200,17.309,712,-
2026-04-30T12:08:35+05:30,user_cacheable,update,26,200,17.130,712,-
2026-04-30T12:08:35+05:30,user_cacheable,update,27,200,16.491,712,-
2026-04-30T12:08:35+05:30,user_cacheable,update,28,200,17.792,712,-
2026-04-30T12:08:35+05:30,user_cacheable,update,29,200,17.390,712,-
2026-04-30T12:08:35+05:30,user_cacheable,update,30,200,17.055,712,-
2026-04-30T12:08:36+05:30,user_cacheable,update,31,200,18.339,712,-
2026-04-30T12:08:36+05:30,user_cacheable,update,32,200,16.974,712,-
2026-04-30T12:08:36+05:30,user_cacheable,update,33,200,17.128,712,-
2026-04-30T12:08:36+05:30,user_cacheable,update,34,200,17.082,712,-
2026-04-30T12:08:36+05:30,user_cacheable,update,35,200,16.598,712,-
2026-04-30T12:08:36+05:30,user_cacheable,update,36,200,16.992,712,-
2026-04-30T12:08:36+05:30,user_cacheable,update,37,200,26.340,712,-
2026-04-30T12:08:36+05:30,user_cacheable,update,38,200,19.905,712,-
2026-04-30T12:08:36+05:30,user_cacheable,update,39,200,17.963,712,-
2026-04-30T12:08:36+05:30,user_cacheable,update,40,200,17.005,712,-
2026-04-30T12:08:36+05:30,user_cacheable,update,41,200,17.336,712,-
2026-04-30T12:08:36+05:30,user_cacheable,update,42,200,15.991,712,-
2026-04-30T12:08:36+05:30,user_cacheable,update,43,200,17.245,712,-
2026-04-30T12:08:36+05:30,user_cacheable,update,44,200,16.095,712,-
2026-04-30T12:08:36+05:30,user_cacheable,update,45,200,16.586,712,-
2026-04-30T12:08:36+05:30,user_cacheable,update,46,200,17.048,712,-
2026-04-30T12:08:36+05:30,user_cacheable,update,47,200,15.832,712,-
2026-04-30T12:08:36+05:30,user_cacheable,update,48,200,15.844,712,-
2026-04-30T12:08:36+05:30,user_cacheable,update,49,200,16.613,712,-
2026-04-30T12:08:36+05:30,user_cacheable,update,50,200,16.178,712,-
2026-04-30T12:08:36+05:30,user_cacheable,update,51,200,17.226,712,-
2026-04-30T12:08:36+05:30,user_cacheable,update,52,200,18.349,712,-
2026-04-30T12:08:36+05:30,user_cacheable,update,53,200,17.324,712,-
2026-04-30T12:08:36+05:30,user_cacheable,update,54,200,17.349,712,-
2026-04-30T12:08:36+05:30,user_cacheable,update,55,200,16.862,712,-
2026-04-30T12:08:36+05:30,user_cacheable,update,56,200,16.869,712,-
2026-04-30T12:08:36+05:30,user_cacheable,update,57,200,18.589,712,-
2026-04-30T12:08:36+05:30,user_cacheable,update,58,200,18.580,712,-
2026-04-30T12:08:36+05:30,user_cacheable,update,59,200,16.749,712,-
2026-04-30T12:08:36+05:30,user_cacheable,update,60,200,20.049,712,-
2026-04-30T12:08:36+05:30,user_cacheable,update,61,200,23.455,712,-
2026-04-30T12:08:36+05:30,user_cacheable,update,62,200,21.578,712,-
2026-04-30T12:08:36+05:30,user_cacheable,update,63,200,26.686,712,-
2026-04-30T12:08:36+05:30,user_cacheable,update,64,200,18.538,712,-
2026-04-30T12:08:36+05:30,user_cacheable,update,65,200,23.587,712,-
2026-04-30T12:08:36+05:30,user_cacheable,update,66,200,19.275,712,-
2026-04-30T12:08:36+05:30,user_cacheable,update,67,200,17.996,712,-
2026-04-30T12:08:36+05:30,user_cacheable,update,68,200,16.940,712,-
2026-04-30T12:08:37+05:30,user_cacheable,update,69,200,18.902,712,-
2026-04-30T12:08:37+05:30,user_cacheable,update,70,200,24.734,712,-
2026-04-30T12:08:37+05:30,user_cacheable,update,71,200,16.895,712,-
2026-04-30T12:08:37+05:30,user_cacheable,update,72,200,16.236,712,-
2026-04-30T12:08:37+05:30,user_cacheable,update,73,200,16.325,712,-
2026-04-30T12:08:37+05:30,user_cacheable,update,74,200,15.668,712,-
2026-04-30T12:08:37+05:30,user_cacheable,update,75,200,22.349,712,-
2026-04-30T12:08:37+05:30,user_cacheable,update,76,200,17.592,712,-
2026-04-30T12:08:37+05:30,user_cacheable,update,77,200,21.608,712,-
2026-04-30T12:08:37+05:30,user_cacheable,update,78,200,16.173,712,-
2026-04-30T12:08:37+05:30,user_cacheable,update,79,200,37.604,712,-
2026-04-30T12:08:37+05:30,user_cacheable,update,80,200,17.136,712,-
2026-04-30T12:08:37+05:30,user_cacheable,update,81,200,18.407,712,-
2026-04-30T12:08:37+05:30,user_cacheable,update,82,200,18.763,712,-
2026-04-30T12:08:37+05:30,user_cacheable,update,83,200,21.660,712,-
2026-04-30T12:08:37+05:30,user_cacheable,update,84,200,17.712,712,-
2026-04-30T12:08:37+05:30,user_cacheable,update,85,200,16.785,712,-
2026-04-30T12:08:37+05:30,user_cacheable,update,86,200,18.220,712,-
2026-04-30T12:08:37+05:30,user_cacheable,update,87,200,26.676,712,-
2026-04-30T12:08:37+05:30,user_cacheable,update,88,200,23.648,712,-
2026-04-30T12:08:37+05:30,user_cacheable,update,89,200,17.443,712,-
2026-04-30T12:08:37+05:30,user_cacheable,update,90,200,17.475,712,-
2026-04-30T12:08:37+05:30,user_cacheable,update,91,200,16.546,712,-
2026-04-30T12:08:37+05:30,user_cacheable,update,92,200,17.108,712,-
2026-04-30T12:08:37+05:30,user_cacheable,update,93,200,16.794,712,-
2026-04-30T12:08:37+05:30,user_cacheable,update,94,200,17.547,712,-
2026-04-30T12:08:37+05:30,user_cacheable,update,95,200,16.611,712,-
2026-04-30T12:08:37+05:30,user_cacheable,update,96,200,17.392,712,-
2026-04-30T12:08:37+05:30,user_cacheable,update,97,200,17.931,712,-
2026-04-30T12:08:37+05:30,user_cacheable,update,98,200,18.103,712,-
2026-04-30T12:08:37+05:30,user_cacheable,update,99,200,17.258,712,-
2026-04-30T12:08:37+05:30,user_cacheable,update,100,200,18.510,712,-
2026-04-30T12:08:37+05:30,user_cacheable,update,101,200,16.709,712,-
2026-04-30T12:08:37+05:30,user_cacheable,update,102,200,19.085,712,-
2026-04-30T12:08:37+05:30,user_cacheable,update,103,200,16.443,712,-
2026-04-30T12:08:37+05:30,user_cacheable,update,104,200,16.100,712,-
2026-04-30T12:08:37+05:30,user_cacheable,update,105,200,17.090,712,-
2026-04-30T12:08:38+05:30,user_cacheable,update,106,200,26.436,712,-
2026-04-30T12:08:38+05:30,user_cacheable,update,107,200,15.880,712,-
2026-04-30T12:08:38+05:30,user_cacheable,update,108,200,17.587,712,-
2026-04-30T12:08:38+05:30,user_cacheable,update,109,200,17.788,712,-
2026-04-30T12:08:38+05:30,user_cacheable,update,110,200,18.880,712,-
2026-04-30T12:08:38+05:30,user_cacheable,update,111,200,17.252,712,-
2026-04-30T12:08:38+05:30,user_cacheable,update,112,200,15.865,712,-
2026-04-30T12:08:38+05:30,user_cacheable,update,113,200,16.040,712,-
2026-04-30T12:08:38+05:30,user_cacheable,update,114,200,16.163,712,-
2026-04-30T12:08:38+05:30,user_cacheable,update,115,200,16.081,712,-
2026-04-30T12:08:38+05:30,user_cacheable,update,116,200,18.041,712,-
2026-04-30T12:08:38+05:30,user_cacheable,update,117,200,16.234,712,-
2026-04-30T12:08:38+05:30,user_cacheable,update,118,200,16.246,712,-
2026-04-30T12:08:38+05:30,user_cacheable,update,119,200,15.963,712,-
2026-04-30T12:08:38+05:30,user_cacheable,update,120,200,16.285,712,-
2026-04-30T12:08:38+05:30,user_cacheable,update,121,200,16.940,712,-
2026-04-30T12:08:38+05:30,user_cacheable,update,122,200,16.596,712,-
2026-04-30T12:08:38+05:30,user_cacheable,update,123,200,17.013,712,-
2026-04-30T12:08:38+05:30,user_cacheable,update,124,200,16.108,712,-
2026-04-30T12:08:38+05:30,user_cacheable,update,125,200,16.720,712,-
2026-04-30T12:08:38+05:30,user_cacheable,update,126,200,16.089,712,-
2026-04-30T12:08:38+05:30,user_cacheable,update,127,200,16.555,712,-
2026-04-30T12:08:38+05:30,user_cacheable,update,128,200,17.549,712,-
2026-04-30T12:08:38+05:30,user_cacheable,update,129,200,16.783,712,-
2026-04-30T12:08:38+05:30,user_cacheable,update,130,200,17.903,712,-
2026-04-30T12:08:38+05:30,user_cacheable,update,131,200,16.568,712,-
2026-04-30T12:08:38+05:30,user_cacheable,update,132,200,15.979,712,-
2026-04-30T12:08:38+05:30,user_cacheable,update,133,200,15.736,712,-
2026-04-30T12:08:38+05:30,user_cacheable,update,134,200,16.009,712,-
2026-04-30T12:08:38+05:30,user_cacheable,update,135,200,17.782,712,-
2026-04-30T12:08:38+05:30,user_cacheable,update,136,200,16.166,712,-
2026-04-30T12:08:38+05:30,user_cacheable,update,137,200,16.490,712,-
2026-04-30T12:08:38+05:30,user_cacheable,update,138,200,18.848,712,-
2026-04-30T12:08:38+05:30,user_cacheable,update,139,200,16.450,712,-
2026-04-30T12:08:38+05:30,user_cacheable,update,140,200,16.890,712,-
2026-04-30T12:08:38+05:30,user_cacheable,update,141,200,15.799,712,-
2026-04-30T12:08:38+05:30,user_cacheable,update,142,200,15.803,712,-
2026-04-30T12:08:38+05:30,user_cacheable,update,143,200,16.345,712,-
2026-04-30T12:08:38+05:30,user_cacheable,update,144,200,15.647,712,-
2026-04-30T12:08:38+05:30,user_cacheable,update,145,200,17.180,712,-
2026-04-30T12:08:38+05:30,user_cacheable,update,146,200,16.114,712,-
2026-04-30T12:08:38+05:30,user_cacheable,update,147,200,16.900,712,-
2026-04-30T12:08:39+05:30,user_cacheable,update,148,200,16.700,712,-
2026-04-30T12:08:39+05:30,user_cacheable,update,149,200,16.396,712,-
2026-04-30T12:08:39+05:30,user_cacheable,update,150,200,16.217,712,-
2026-04-30T12:08:39+05:30,user_cacheable,update,151,200,16.134,712,-
2026-04-30T12:08:39+05:30,user_cacheable,update,152,200,16.757,712,-
2026-04-30T12:08:39+05:30,user_cacheable,update,153,200,17.353,712,-
2026-04-30T12:08:39+05:30,user_cacheable,update,154,200,16.151,712,-
2026-04-30T12:08:39+05:30,user_cacheable,update,155,200,15.557,712,-
2026-04-30T12:08:39+05:30,user_cacheable,update,156,200,18.552,712,-
2026-04-30T12:08:39+05:30,user_cacheable,update,157,200,15.161,712,-
2026-04-30T12:08:39+05:30,user_cacheable,update,158,200,17.058,712,-
2026-04-30T12:08:39+05:30,user_cacheable,update,159,200,16.515,712,-
2026-04-30T12:08:39+05:30,user_cacheable,update,160,200,22.555,712,-
2026-04-30T12:08:39+05:30,user_cacheable,update,161,200,20.839,712,-
2026-04-30T12:08:39+05:30,user_cacheable,update,162,200,15.570,712,-
2026-04-30T12:08:39+05:30,user_cacheable,update,163,200,16.813,712,-
2026-04-30T12:08:39+05:30,user_cacheable,update,164,200,15.464,712,-
2026-04-30T12:08:39+05:30,user_cacheable,update,165,200,19.546,712,-
2026-04-30T12:08:39+05:30,user_cacheable,update,166,200,16.877,712,-
2026-04-30T12:08:39+05:30,user_cacheable,update,167,200,16.191,712,-
2026-04-30T12:08:39+05:30,user_cacheable,update,168,200,16.610,712,-
2026-04-30T12:08:39+05:30,user_cacheable,update,169,200,18.283,712,-
2026-04-30T12:08:39+05:30,user_cacheable,update,170,200,16.001,712,-
2026-04-30T12:08:39+05:30,user_cacheable,update,171,200,16.691,712,-
2026-04-30T12:08:39+05:30,user_cacheable,update,172,200,18.562,712,-
2026-04-30T12:08:39+05:30,user_cacheable,update,173,200,16.880,712,-
2026-04-30T12:08:39+05:30,user_cacheable,update,174,200,16.132,712,-
2026-04-30T12:08:39+05:30,user_cacheable,update,175,200,16.070,712,-
2026-04-30T12:08:39+05:30,user_cacheable,update,176,200,15.582,712,-
2026-04-30T12:08:39+05:30,user_cacheable,update,177,200,16.110,712,-
2026-04-30T12:08:39+05:30,user_cacheable,update,178,200,17.793,712,-
2026-04-30T12:08:39+05:30,user_cacheable,update,179,200,15.756,712,-
2026-04-30T12:08:39+05:30,user_cacheable,update,180,200,18.297,712,-
2026-04-30T12:08:39+05:30,user_cacheable,update,181,200,15.642,712,-
2026-04-30T12:08:39+05:30,user_cacheable,update,182,200,23.293,712,-
2026-04-30T12:08:39+05:30,user_cacheable,update,183,200,17.302,712,-
2026-04-30T12:08:39+05:30,user_cacheable,update,184,200,17.003,712,-
2026-04-30T12:08:39+05:30,user_cacheable,update,185,200,14.985,712,-
2026-04-30T12:08:39+05:30,user_cacheable,update,186,200,15.587,712,-
2026-04-30T12:08:39+05:30,user_cacheable,update,187,200,16.155,712,-
2026-04-30T12:08:40+05:30,user_cacheable,update,188,200,16.105,712,-
2026-04-30T12:08:40+05:30,user_cacheable,update,189,200,16.816,712,-
2026-04-30T12:08:40+05:30,user_cacheable,update,190,200,16.184,712,-
2026-04-30T12:08:40+05:30,user_cacheable,update,191,200,15.601,712,-
2026-04-30T12:08:40+05:30,user_cacheable,update,192,200,19.592,712,-
2026-04-30T12:08:40+05:30,user_cacheable,update,193,200,16.761,712,-
2026-04-30T12:08:40+05:30,user_cacheable,update,194,200,17.098,712,-
2026-04-30T12:08:40+05:30,user_cacheable,update,195,200,16.989,712,-
2026-04-30T12:08:40+05:30,user_cacheable,update,196,200,15.571,712,-
2026-04-30T12:08:40+05:30,user_cacheable,update,197,200,20.906,712,-
2026-04-30T12:08:40+05:30,user_cacheable,update,198,200,16.669,712,-
2026-04-30T12:08:40+05:30,user_cacheable,update,199,200,15.539,712,-
2026-04-30T12:08:40+05:30,user_cacheable,update,200,200,15.753,712,-
2026-04-30T12:08:40+05:30,student_redis_repo,update,1,200,39.930,719,-
2026-04-30T12:08:40+05:30,student_redis_repo,update,2,200,16.683,719,-
2026-04-30T12:08:40+05:30,student_redis_repo,update,3,200,16.267,719,-
2026-04-30T12:08:40+05:30,student_redis_repo,update,4,200,18.259,719,-
2026-04-30T12:08:40+05:30,student_redis_repo,update,5,200,16.105,719,-
2026-04-30T12:08:40+05:30,student_redis_repo,update,6,200,15.913,719,-
2026-04-30T12:08:40+05:30,student_redis_repo,update,7,200,16.245,719,-
2026-04-30T12:08:40+05:30,student_redis_repo,update,8,200,16.074,719,-
2026-04-30T12:08:40+05:30,student_redis_repo,update,9,200,18.845,719,-
2026-04-30T12:08:40+05:30,student_redis_repo,update,10,200,18.012,719,-
2026-04-30T12:08:40+05:30,student_redis_repo,update,11,200,16.240,719,-
2026-04-30T12:08:40+05:30,student_redis_repo,update,12,200,16.217,719,-
2026-04-30T12:08:40+05:30,student_redis_repo,update,13,200,16.823,719,-
2026-04-30T12:08:40+05:30,student_redis_repo,update,14,200,16.874,719,-
2026-04-30T12:08:40+05:30,student_redis_repo,update,15,200,16.483,719,-
2026-04-30T12:08:40+05:30,student_redis_repo,update,16,200,16.060,719,-
2026-04-30T12:08:40+05:30,student_redis_repo,update,17,200,18.299,719,-
2026-04-30T12:08:40+05:30,student_redis_repo,update,18,200,16.024,719,-
2026-04-30T12:08:40+05:30,student_redis_repo,update,19,200,16.151,719,-
2026-04-30T12:08:40+05:30,student_redis_repo,update,20,200,16.007,719,-
2026-04-30T12:08:40+05:30,student_redis_repo,update,21,200,16.815,719,-
2026-04-30T12:08:40+05:30,student_redis_repo,update,22,200,16.438,719,-
2026-04-30T12:08:40+05:30,student_redis_repo,update,23,200,16.090,719,-
2026-04-30T12:08:40+05:30,student_redis_repo,update,24,200,16.245,719,-
2026-04-30T12:08:40+05:30,student_redis_repo,update,25,200,16.642,719,-
2026-04-30T12:08:40+05:30,student_redis_repo,update,26,200,16.422,719,-
2026-04-30T12:08:40+05:30,student_redis_repo,update,27,200,16.087,719,-
2026-04-30T12:08:41+05:30,student_redis_repo,update,28,200,16.583,719,-
2026-04-30T12:08:41+05:30,student_redis_repo,update,29,200,16.011,719,-
2026-04-30T12:08:41+05:30,student_redis_repo,update,30,200,21.434,719,-
2026-04-30T12:08:41+05:30,student_redis_repo,update,31,200,17.090,719,-
2026-04-30T12:08:41+05:30,student_redis_repo,update,32,200,16.788,719,-
2026-04-30T12:08:41+05:30,student_redis_repo,update,33,200,17.019,719,-
2026-04-30T12:08:41+05:30,student_redis_repo,update,34,200,16.811,719,-
2026-04-30T12:08:41+05:30,student_redis_repo,update,35,200,20.876,719,-
2026-04-30T12:08:41+05:30,student_redis_repo,update,36,200,23.277,719,-
2026-04-30T12:08:41+05:30,student_redis_repo,update,37,200,18.582,719,-
2026-04-30T12:08:41+05:30,student_redis_repo,update,38,200,17.300,719,-
2026-04-30T12:08:41+05:30,student_redis_repo,update,39,200,18.715,719,-
2026-04-30T12:08:41+05:30,student_redis_repo,update,40,200,21.425,719,-
2026-04-30T12:08:41+05:30,student_redis_repo,update,41,200,16.681,719,-
2026-04-30T12:08:41+05:30,student_redis_repo,update,42,200,17.001,719,-
2026-04-30T12:08:41+05:30,student_redis_repo,update,43,200,16.853,719,-
2026-04-30T12:08:41+05:30,student_redis_repo,update,44,200,17.775,719,-
2026-04-30T12:08:41+05:30,student_redis_repo,update,45,200,17.839,719,-
2026-04-30T12:08:41+05:30,student_redis_repo,update,46,200,16.694,719,-
2026-04-30T12:08:41+05:30,student_redis_repo,update,47,200,16.875,719,-
2026-04-30T12:08:41+05:30,student_redis_repo,update,48,200,16.061,719,-
2026-04-30T12:08:41+05:30,student_redis_repo,update,49,200,17.718,719,-
2026-04-30T12:08:41+05:30,student_redis_repo,update,50,200,16.757,719,-
2026-04-30T12:08:41+05:30,student_redis_repo,update,51,200,16.705,719,-
2026-04-30T12:08:41+05:30,student_redis_repo,update,52,200,18.137,719,-
2026-04-30T12:08:41+05:30,student_redis_repo,update,53,200,17.363,719,-
2026-04-30T12:08:41+05:30,student_redis_repo,update,54,200,16.292,719,-
2026-04-30T12:08:41+05:30,student_redis_repo,update,55,200,16.356,719,-
2026-04-30T12:08:41+05:30,student_redis_repo,update,56,200,19.352,719,-
2026-04-30T12:08:41+05:30,student_redis_repo,update,57,200,20.038,719,-
2026-04-30T12:08:41+05:30,student_redis_repo,update,58,200,17.188,719,-
2026-04-30T12:08:41+05:30,student_redis_repo,update,59,200,18.215,719,-
2026-04-30T12:08:41+05:30,student_redis_repo,update,60,200,16.957,719,-
2026-04-30T12:08:41+05:30,student_redis_repo,update,61,200,21.952,719,-
2026-04-30T12:08:41+05:30,student_redis_repo,update,62,200,17.623,719,-
2026-04-30T12:08:41+05:30,student_redis_repo,update,63,200,17.305,719,-
2026-04-30T12:08:41+05:30,student_redis_repo,update,64,200,23.237,719,-
2026-04-30T12:08:41+05:30,student_redis_repo,update,65,200,19.317,719,-
2026-04-30T12:08:42+05:30,student_redis_repo,update,66,200,18.734,719,-
2026-04-30T12:08:42+05:30,student_redis_repo,update,67,200,17.524,719,-
2026-04-30T12:08:42+05:30,student_redis_repo,update,68,200,18.036,719,-
2026-04-30T12:08:42+05:30,student_redis_repo,update,69,200,17.833,719,-
2026-04-30T12:08:42+05:30,student_redis_repo,update,70,200,16.709,719,-
2026-04-30T12:08:42+05:30,student_redis_repo,update,71,200,17.292,719,-
2026-04-30T12:08:42+05:30,student_redis_repo,update,72,200,17.054,719,-
2026-04-30T12:08:42+05:30,student_redis_repo,update,73,200,16.169,719,-
2026-04-30T12:08:42+05:30,student_redis_repo,update,74,200,16.310,719,-
2026-04-30T12:08:42+05:30,student_redis_repo,update,75,200,16.272,719,-
2026-04-30T12:08:42+05:30,student_redis_repo,update,76,200,19.153,719,-
2026-04-30T12:08:42+05:30,student_redis_repo,update,77,200,16.771,719,-
2026-04-30T12:08:42+05:30,student_redis_repo,update,78,200,17.819,719,-
2026-04-30T12:08:42+05:30,student_redis_repo,update,79,200,16.077,719,-
2026-04-30T12:08:42+05:30,student_redis_repo,update,80,200,17.139,719,-
2026-04-30T12:08:42+05:30,student_redis_repo,update,81,200,17.216,719,-
2026-04-30T12:08:42+05:30,student_redis_repo,update,82,200,17.887,719,-
2026-04-30T12:08:42+05:30,student_redis_repo,update,83,200,21.152,719,-
2026-04-30T12:08:42+05:30,student_redis_repo,update,84,200,21.347,719,-
2026-04-30T12:08:42+05:30,student_redis_repo,update,85,200,17.181,719,-
2026-04-30T12:08:42+05:30,student_redis_repo,update,86,200,17.079,719,-
2026-04-30T12:08:42+05:30,student_redis_repo,update,87,200,17.384,719,-
2026-04-30T12:08:42+05:30,student_redis_repo,update,88,200,22.591,719,-
2026-04-30T12:08:42+05:30,student_redis_repo,update,89,200,26.155,719,-
2026-04-30T12:08:42+05:30,student_redis_repo,update,90,200,18.566,719,-
2026-04-30T12:08:42+05:30,student_redis_repo,update,91,200,17.038,719,-
2026-04-30T12:08:42+05:30,student_redis_repo,update,92,200,16.606,719,-
2026-04-30T12:08:42+05:30,student_redis_repo,update,93,200,18.679,719,-
2026-04-30T12:08:42+05:30,student_redis_repo,update,94,200,18.022,719,-
2026-04-30T12:08:42+05:30,student_redis_repo,update,95,200,16.756,719,-
2026-04-30T12:08:42+05:30,student_redis_repo,update,96,200,17.284,719,-
2026-04-30T12:08:42+05:30,student_redis_repo,update,97,200,16.504,719,-
2026-04-30T12:08:42+05:30,student_redis_repo,update,98,200,17.991,719,-
2026-04-30T12:08:42+05:30,student_redis_repo,update,99,200,16.381,719,-
2026-04-30T12:08:42+05:30,student_redis_repo,update,100,200,16.149,719,-
2026-04-30T12:08:42+05:30,student_redis_repo,update,101,200,18.148,719,-
2026-04-30T12:08:42+05:30,student_redis_repo,update,102,200,18.179,719,-
2026-04-30T12:08:42+05:30,student_redis_repo,update,103,200,16.904,719,-
2026-04-30T12:08:43+05:30,student_redis_repo,update,104,200,17.543,719,-
2026-04-30T12:08:43+05:30,student_redis_repo,update,105,200,16.415,719,-
2026-04-30T12:08:43+05:30,student_redis_repo,update,106,200,16.183,719,-
2026-04-30T12:08:43+05:30,student_redis_repo,update,107,200,19.118,719,-
2026-04-30T12:08:43+05:30,student_redis_repo,update,108,200,16.254,719,-
2026-04-30T12:08:43+05:30,student_redis_repo,update,109,200,17.119,719,-
2026-04-30T12:08:43+05:30,student_redis_repo,update,110,200,16.092,719,-
2026-04-30T12:08:43+05:30,student_redis_repo,update,111,200,16.326,719,-
2026-04-30T12:08:43+05:30,student_redis_repo,update,112,200,15.304,719,-
2026-04-30T12:08:43+05:30,student_redis_repo,update,113,200,15.212,719,-
2026-04-30T12:08:43+05:30,student_redis_repo,update,114,200,18.819,719,-
2026-04-30T12:08:43+05:30,student_redis_repo,update,115,200,18.659,719,-
2026-04-30T12:08:43+05:30,student_redis_repo,update,116,200,15.671,719,-
2026-04-30T12:08:43+05:30,student_redis_repo,update,117,200,17.764,719,-
2026-04-30T12:08:43+05:30,student_redis_repo,update,118,200,16.790,719,-
2026-04-30T12:08:43+05:30,student_redis_repo,update,119,200,16.283,719,-
2026-04-30T12:08:43+05:30,student_redis_repo,update,120,200,17.148,719,-
2026-04-30T12:08:43+05:30,student_redis_repo,update,121,200,17.112,719,-
2026-04-30T12:08:43+05:30,student_redis_repo,update,122,200,16.488,719,-
2026-04-30T12:08:43+05:30,student_redis_repo,update,123,200,16.189,719,-
2026-04-30T12:08:43+05:30,student_redis_repo,update,124,200,17.302,719,-
2026-04-30T12:08:43+05:30,student_redis_repo,update,125,200,17.043,719,-
2026-04-30T12:08:43+05:30,student_redis_repo,update,126,200,15.677,719,-
2026-04-30T12:08:43+05:30,student_redis_repo,update,127,200,15.307,719,-
2026-04-30T12:08:43+05:30,student_redis_repo,update,128,200,16.372,719,-
2026-04-30T12:08:43+05:30,student_redis_repo,update,129,200,15.530,719,-
2026-04-30T12:08:43+05:30,student_redis_repo,update,130,200,15.373,719,-
2026-04-30T12:08:43+05:30,student_redis_repo,update,131,200,15.451,719,-
2026-04-30T12:08:43+05:30,student_redis_repo,update,132,200,16.154,719,-
2026-04-30T12:08:43+05:30,student_redis_repo,update,133,200,16.188,719,-
2026-04-30T12:08:43+05:30,student_redis_repo,update,134,200,15.524,719,-
2026-04-30T12:08:43+05:30,student_redis_repo,update,135,200,15.577,719,-
2026-04-30T12:08:43+05:30,student_redis_repo,update,136,200,16.360,719,-
2026-04-30T12:08:43+05:30,student_redis_repo,update,137,200,15.149,719,-
2026-04-30T12:08:43+05:30,student_redis_repo,update,138,200,16.381,719,-
2026-04-30T12:08:43+05:30,student_redis_repo,update,139,200,16.132,719,-
2026-04-30T12:08:43+05:30,student_redis_repo,update,140,200,21.750,719,-
2026-04-30T12:08:43+05:30,student_redis_repo,update,141,200,26.349,719,-
2026-04-30T12:08:43+05:30,student_redis_repo,update,142,200,17.713,719,-
2026-04-30T12:08:43+05:30,student_redis_repo,update,143,200,16.972,719,-
2026-04-30T12:08:44+05:30,student_redis_repo,update,144,200,16.929,719,-
2026-04-30T12:08:44+05:30,student_redis_repo,update,145,200,16.078,719,-
2026-04-30T12:08:44+05:30,student_redis_repo,update,146,200,16.270,719,-
2026-04-30T12:08:44+05:30,student_redis_repo,update,147,200,15.986,719,-
2026-04-30T12:08:44+05:30,student_redis_repo,update,148,200,17.186,719,-
2026-04-30T12:08:44+05:30,student_redis_repo,update,149,200,16.632,719,-
2026-04-30T12:08:44+05:30,student_redis_repo,update,150,200,23.300,719,-
2026-04-30T12:08:44+05:30,student_redis_repo,update,151,200,16.621,719,-
2026-04-30T12:08:44+05:30,student_redis_repo,update,152,200,18.132,719,-
2026-04-30T12:08:44+05:30,student_redis_repo,update,153,200,17.548,719,-
2026-04-30T12:08:44+05:30,student_redis_repo,update,154,200,16.920,719,-
2026-04-30T12:08:44+05:30,student_redis_repo,update,155,200,16.578,719,-
2026-04-30T12:08:44+05:30,student_redis_repo,update,156,200,18.922,719,-
2026-04-30T12:08:44+05:30,student_redis_repo,update,157,200,17.312,719,-
2026-04-30T12:08:44+05:30,student_redis_repo,update,158,200,17.124,719,-
2026-04-30T12:08:44+05:30,student_redis_repo,update,159,200,16.623,719,-
2026-04-30T12:08:44+05:30,student_redis_repo,update,160,200,16.389,719,-
2026-04-30T12:08:44+05:30,student_redis_repo,update,161,200,16.352,719,-
2026-04-30T12:08:44+05:30,student_redis_repo,update,162,200,16.188,719,-
2026-04-30T12:08:44+05:30,student_redis_repo,update,163,200,17.244,719,-
2026-04-30T12:08:44+05:30,student_redis_repo,update,164,200,21.558,719,-
2026-04-30T12:08:44+05:30,student_redis_repo,update,165,200,16.129,719,-
2026-04-30T12:08:44+05:30,student_redis_repo,update,166,200,17.160,719,-
2026-04-30T12:08:44+05:30,student_redis_repo,update,167,200,15.369,719,-
2026-04-30T12:08:44+05:30,student_redis_repo,update,168,200,15.597,719,-
2026-04-30T12:08:44+05:30,student_redis_repo,update,169,200,16.256,719,-
2026-04-30T12:08:44+05:30,student_redis_repo,update,170,200,16.505,719,-
2026-04-30T12:08:44+05:30,student_redis_repo,update,171,200,17.188,719,-
2026-04-30T12:08:44+05:30,student_redis_repo,update,172,200,17.051,719,-
2026-04-30T12:08:44+05:30,student_redis_repo,update,173,200,16.330,719,-
2026-04-30T12:08:44+05:30,student_redis_repo,update,174,200,16.913,719,-
2026-04-30T12:08:44+05:30,student_redis_repo,update,175,200,15.342,719,-
2026-04-30T12:08:44+05:30,student_redis_repo,update,176,200,15.581,719,-
2026-04-30T12:08:44+05:30,student_redis_repo,update,177,200,15.100,719,-
2026-04-30T12:08:44+05:30,student_redis_repo,update,178,200,16.688,719,-
2026-04-30T12:08:44+05:30,student_redis_repo,update,179,200,15.700,719,-
2026-04-30T12:08:44+05:30,student_redis_repo,update,180,200,15.441,719,-
2026-04-30T12:08:44+05:30,student_redis_repo,update,181,200,18.972,719,-
2026-04-30T12:08:44+05:30,student_redis_repo,update,182,200,15.454,719,-
2026-04-30T12:08:44+05:30,student_redis_repo,update,183,200,16.738,719,-
2026-04-30T12:08:44+05:30,student_redis_repo,update,184,200,16.870,719,-
2026-04-30T12:08:45+05:30,student_redis_repo,update,185,200,17.203,719,-
2026-04-30T12:08:45+05:30,student_redis_repo,update,186,200,15.463,719,-
2026-04-30T12:08:45+05:30,student_redis_repo,update,187,200,15.423,719,-
2026-04-30T12:08:45+05:30,student_redis_repo,update,188,200,15.569,719,-
2026-04-30T12:08:45+05:30,student_redis_repo,update,189,200,16.528,719,-
2026-04-30T12:08:45+05:30,student_redis_repo,update,190,200,16.714,719,-
2026-04-30T12:08:45+05:30,student_redis_repo,update,191,200,15.930,719,-
2026-04-30T12:08:45+05:30,student_redis_repo,update,192,200,16.235,719,-
2026-04-30T12:08:45+05:30,student_redis_repo,update,193,200,27.825,719,-
2026-04-30T12:08:45+05:30,student_redis_repo,update,194,200,24.252,719,-
2026-04-30T12:08:45+05:30,student_redis_repo,update,195,200,16.142,719,-
2026-04-30T12:08:45+05:30,student_redis_repo,update,196,200,18.271,719,-
2026-04-30T12:08:45+05:30,student_redis_repo,update,197,200,23.153,719,-
2026-04-30T12:08:45+05:30,student_redis_repo,update,198,200,17.790,719,-
2026-04-30T12:08:45+05:30,student_redis_repo,update,199,200,16.536,719,-
2026-04-30T12:08:45+05:30,student_redis_repo,update,200,200,15.923,719,-
2026-04-30T12:08:45+05:30,human_redis_template,update,1,200,43.881,707,-
2026-04-30T12:08:45+05:30,human_redis_template,update,2,200,20.618,707,-
2026-04-30T12:08:45+05:30,human_redis_template,update,3,200,24.375,707,-
2026-04-30T12:08:45+05:30,human_redis_template,update,4,200,23.323,707,-
2026-04-30T12:08:45+05:30,human_redis_template,update,5,200,19.515,707,-
2026-04-30T12:08:45+05:30,human_redis_template,update,6,200,17.395,707,-
2026-04-30T12:08:45+05:30,human_redis_template,update,7,200,19.471,707,-
2026-04-30T12:08:45+05:30,human_redis_template,update,8,200,23.192,707,-
2026-04-30T12:08:45+05:30,human_redis_template,update,9,200,23.050,707,-
2026-04-30T12:08:45+05:30,human_redis_template,update,10,200,20.941,707,-
2026-04-30T12:08:45+05:30,human_redis_template,update,11,200,19.042,707,-
2026-04-30T12:08:45+05:30,human_redis_template,update,12,200,16.423,707,-
2026-04-30T12:08:45+05:30,human_redis_template,update,13,200,16.685,707,-
2026-04-30T12:08:45+05:30,human_redis_template,update,14,200,19.676,707,-
2026-04-30T12:08:45+05:30,human_redis_template,update,15,200,18.262,707,-
2026-04-30T12:08:45+05:30,human_redis_template,update,16,200,15.900,707,-
2026-04-30T12:08:45+05:30,human_redis_template,update,17,200,16.415,707,-
2026-04-30T12:08:45+05:30,human_redis_template,update,18,200,17.121,707,-
2026-04-30T12:08:45+05:30,human_redis_template,update,19,200,17.703,707,-
2026-04-30T12:08:46+05:30,human_redis_template,update,20,200,18.562,707,-
2026-04-30T12:08:46+05:30,human_redis_template,update,21,200,16.826,707,-
2026-04-30T12:08:46+05:30,human_redis_template,update,22,200,17.958,707,-
2026-04-30T12:08:46+05:30,human_redis_template,update,23,200,19.325,707,-
2026-04-30T12:08:46+05:30,human_redis_template,update,24,200,22.033,707,-
2026-04-30T12:08:46+05:30,human_redis_template,update,25,200,17.597,707,-
2026-04-30T12:08:46+05:30,human_redis_template,update,26,200,25.157,707,-
2026-04-30T12:08:46+05:30,human_redis_template,update,27,200,20.837,707,-
2026-04-30T12:08:46+05:30,human_redis_template,update,28,200,18.101,707,-
2026-04-30T12:08:46+05:30,human_redis_template,update,29,200,17.725,707,-
2026-04-30T12:08:46+05:30,human_redis_template,update,30,200,16.275,707,-
2026-04-30T12:08:46+05:30,human_redis_template,update,31,200,22.260,707,-
2026-04-30T12:08:46+05:30,human_redis_template,update,32,200,21.968,707,-
2026-04-30T12:08:46+05:30,human_redis_template,update,33,200,17.018,707,-
2026-04-30T12:08:46+05:30,human_redis_template,update,34,200,17.264,707,-
2026-04-30T12:08:46+05:30,human_redis_template,update,35,200,17.219,707,-
2026-04-30T12:08:46+05:30,human_redis_template,update,36,200,16.019,707,-
2026-04-30T12:08:46+05:30,human_redis_template,update,37,200,18.554,707,-
2026-04-30T12:08:46+05:30,human_redis_template,update,38,200,20.122,707,-
2026-04-30T12:08:46+05:30,human_redis_template,update,39,200,24.281,707,-
2026-04-30T12:08:46+05:30,human_redis_template,update,40,200,15.679,707,-
2026-04-30T12:08:46+05:30,human_redis_template,update,41,200,15.273,707,-
2026-04-30T12:08:46+05:30,human_redis_template,update,42,200,18.719,707,-
2026-04-30T12:08:46+05:30,human_redis_template,update,43,200,17.258,707,-
2026-04-30T12:08:46+05:30,human_redis_template,update,44,200,15.981,707,-
2026-04-30T12:08:46+05:30,human_redis_template,update,45,200,20.005,707,-
2026-04-30T12:08:46+05:30,human_redis_template,update,46,200,25.392,707,-
2026-04-30T12:08:46+05:30,human_redis_template,update,47,200,24.739,707,-
2026-04-30T12:08:46+05:30,human_redis_template,update,48,200,21.567,707,-
2026-04-30T12:08:46+05:30,human_redis_template,update,49,200,23.177,707,-
2026-04-30T12:08:46+05:30,human_redis_template,update,50,200,22.472,707,-
2026-04-30T12:08:46+05:30,human_redis_template,update,51,200,15.590,707,-
2026-04-30T12:08:46+05:30,human_redis_template,update,52,200,16.150,707,-
2026-04-30T12:08:46+05:30,human_redis_template,update,53,200,16.049,707,-
2026-04-30T12:08:46+05:30,human_redis_template,update,54,200,16.413,707,-
2026-04-30T12:08:47+05:30,human_redis_template,update,55,200,16.194,707,-
2026-04-30T12:08:47+05:30,human_redis_template,update,56,200,15.901,707,-
2026-04-30T12:08:47+05:30,human_redis_template,update,57,200,15.981,707,-
2026-04-30T12:08:47+05:30,human_redis_template,update,58,200,16.213,707,-
2026-04-30T12:08:47+05:30,human_redis_template,update,59,200,16.001,707,-
2026-04-30T12:08:47+05:30,human_redis_template,update,60,200,16.025,707,-
2026-04-30T12:08:47+05:30,human_redis_template,update,61,200,16.105,707,-
2026-04-30T12:08:47+05:30,human_redis_template,update,62,200,15.711,707,-
2026-04-30T12:08:47+05:30,human_redis_template,update,63,200,17.413,707,-
2026-04-30T12:08:47+05:30,human_redis_template,update,64,200,27.267,707,-
2026-04-30T12:08:47+05:30,human_redis_template,update,65,200,15.976,707,-
2026-04-30T12:08:47+05:30,human_redis_template,update,66,200,15.918,707,-
2026-04-30T12:08:47+05:30,human_redis_template,update,67,200,16.466,707,-
2026-04-30T12:08:47+05:30,human_redis_template,update,68,200,16.117,707,-
2026-04-30T12:08:47+05:30,human_redis_template,update,69,200,17.476,707,-
2026-04-30T12:08:47+05:30,human_redis_template,update,70,200,16.804,707,-
2026-04-30T12:08:47+05:30,human_redis_template,update,71,200,15.930,707,-
2026-04-30T12:08:47+05:30,human_redis_template,update,72,200,18.210,707,-
2026-04-30T12:08:47+05:30,human_redis_template,update,73,200,20.119,707,-
2026-04-30T12:08:47+05:30,human_redis_template,update,74,200,18.235,707,-
2026-04-30T12:08:47+05:30,human_redis_template,update,75,200,16.287,707,-
2026-04-30T12:08:47+05:30,human_redis_template,update,76,200,15.473,707,-
2026-04-30T12:08:47+05:30,human_redis_template,update,77,200,15.828,707,-
2026-04-30T12:08:47+05:30,human_redis_template,update,78,200,17.446,707,-
2026-04-30T12:08:47+05:30,human_redis_template,update,79,200,15.483,707,-
2026-04-30T12:08:47+05:30,human_redis_template,update,80,200,14.603,707,-
2026-04-30T12:08:47+05:30,human_redis_template,update,81,200,14.544,707,-
2026-04-30T12:08:47+05:30,human_redis_template,update,82,200,15.286,707,-
2026-04-30T12:08:47+05:30,human_redis_template,update,83,200,15.175,707,-
2026-04-30T12:08:47+05:30,human_redis_template,update,84,200,14.851,707,-
2026-04-30T12:08:47+05:30,human_redis_template,update,85,200,15.476,707,-
2026-04-30T12:08:47+05:30,human_redis_template,update,86,200,15.519,707,-
2026-04-30T12:08:47+05:30,human_redis_template,update,87,200,15.515,707,-
2026-04-30T12:08:47+05:30,human_redis_template,update,88,200,14.843,707,-
2026-04-30T12:08:47+05:30,human_redis_template,update,89,200,14.726,707,-
2026-04-30T12:08:47+05:30,human_redis_template,update,90,200,14.725,707,-
2026-04-30T12:08:47+05:30,human_redis_template,update,91,200,14.976,707,-
2026-04-30T12:08:47+05:30,human_redis_template,update,92,200,15.336,707,-
2026-04-30T12:08:47+05:30,human_redis_template,update,93,200,14.972,707,-
2026-04-30T12:08:47+05:30,human_redis_template,update,94,200,14.612,707,-
2026-04-30T12:08:47+05:30,human_redis_template,update,95,200,15.892,707,-
2026-04-30T12:08:48+05:30,human_redis_template,update,96,200,15.445,707,-
2026-04-30T12:08:48+05:30,human_redis_template,update,97,200,14.705,707,-
2026-04-30T12:08:48+05:30,human_redis_template,update,98,200,14.933,707,-
2026-04-30T12:08:48+05:30,human_redis_template,update,99,200,20.127,707,-
2026-04-30T12:08:48+05:30,human_redis_template,update,100,200,18.745,707,-
2026-04-30T12:08:48+05:30,human_redis_template,update,101,200,37.524,707,-
2026-04-30T12:08:48+05:30,human_redis_template,update,102,200,17.219,707,-
2026-04-30T12:08:48+05:30,human_redis_template,update,103,200,19.356,707,-
2026-04-30T12:08:48+05:30,human_redis_template,update,104,200,16.168,707,-
2026-04-30T12:08:48+05:30,human_redis_template,update,105,200,16.769,707,-
2026-04-30T12:08:48+05:30,human_redis_template,update,106,200,16.406,707,-
2026-04-30T12:08:48+05:30,human_redis_template,update,107,200,16.187,707,-
2026-04-30T12:08:48+05:30,human_redis_template,update,108,200,17.079,707,-
2026-04-30T12:08:48+05:30,human_redis_template,update,109,200,17.053,707,-
2026-04-30T12:08:48+05:30,human_redis_template,update,110,200,15.780,707,-
2026-04-30T12:08:48+05:30,human_redis_template,update,111,200,16.365,707,-
2026-04-30T12:08:48+05:30,human_redis_template,update,112,200,18.218,707,-
2026-04-30T12:08:48+05:30,human_redis_template,update,113,200,16.605,707,-
2026-04-30T12:08:48+05:30,human_redis_template,update,114,200,15.750,707,-
2026-04-30T12:08:48+05:30,human_redis_template,update,115,200,18.522,707,-
2026-04-30T12:08:48+05:30,human_redis_template,update,116,200,19.721,707,-
2026-04-30T12:08:48+05:30,human_redis_template,update,117,200,17.962,707,-
2026-04-30T12:08:48+05:30,human_redis_template,update,118,200,18.083,707,-
2026-04-30T12:08:48+05:30,human_redis_template,update,119,200,16.093,707,-
2026-04-30T12:08:48+05:30,human_redis_template,update,120,200,16.442,707,-
2026-04-30T12:08:48+05:30,human_redis_template,update,121,200,16.598,707,-
2026-04-30T12:08:48+05:30,human_redis_template,update,122,200,15.530,707,-
2026-04-30T12:08:48+05:30,human_redis_template,update,123,200,19.494,707,-
2026-04-30T12:08:48+05:30,human_redis_template,update,124,200,23.885,707,-
2026-04-30T12:08:48+05:30,human_redis_template,update,125,200,18.370,707,-
2026-04-30T12:08:48+05:30,human_redis_template,update,126,200,15.827,707,-
2026-04-30T12:08:48+05:30,human_redis_template,update,127,200,16.944,707,-
2026-04-30T12:08:48+05:30,human_redis_template,update,128,200,15.609,707,-
2026-04-30T12:08:48+05:30,human_redis_template,update,129,200,15.777,707,-
2026-04-30T12:08:48+05:30,human_redis_template,update,130,200,14.547,707,-
2026-04-30T12:08:48+05:30,human_redis_template,update,131,200,15.573,707,-
2026-04-30T12:08:48+05:30,human_redis_template,update,132,200,15.173,707,-
2026-04-30T12:08:48+05:30,human_redis_template,update,133,200,15.630,707,-
2026-04-30T12:08:48+05:30,human_redis_template,update,134,200,15.753,707,-
2026-04-30T12:08:49+05:30,human_redis_template,update,135,200,15.758,707,-
2026-04-30T12:08:49+05:30,human_redis_template,update,136,200,16.968,707,-
2026-04-30T12:08:49+05:30,human_redis_template,update,137,200,14.884,707,-
2026-04-30T12:08:49+05:30,human_redis_template,update,138,200,15.393,707,-
2026-04-30T12:08:49+05:30,human_redis_template,update,139,200,17.001,707,-
2026-04-30T12:08:49+05:30,human_redis_template,update,140,200,14.734,707,-
2026-04-30T12:08:49+05:30,human_redis_template,update,141,200,15.131,707,-
2026-04-30T12:08:49+05:30,human_redis_template,update,142,200,15.294,707,-
2026-04-30T12:08:49+05:30,human_redis_template,update,143,200,15.061,707,-
2026-04-30T12:08:49+05:30,human_redis_template,update,144,200,14.827,707,-
2026-04-30T12:08:49+05:30,human_redis_template,update,145,200,19.793,707,-
2026-04-30T12:08:49+05:30,human_redis_template,update,146,200,15.386,707,-
2026-04-30T12:08:49+05:30,human_redis_template,update,147,200,14.933,707,-
2026-04-30T12:08:49+05:30,human_redis_template,update,148,200,14.748,707,-
2026-04-30T12:08:49+05:30,human_redis_template,update,149,200,15.980,707,-
2026-04-30T12:08:49+05:30,human_redis_template,update,150,200,14.447,707,-
2026-04-30T12:08:49+05:30,human_redis_template,update,151,200,15.297,707,-
2026-04-30T12:08:49+05:30,human_redis_template,update,152,200,22.078,707,-
2026-04-30T12:08:49+05:30,human_redis_template,update,153,200,20.554,707,-
2026-04-30T12:08:49+05:30,human_redis_template,update,154,200,15.549,707,-
2026-04-30T12:08:49+05:30,human_redis_template,update,155,200,16.567,707,-
2026-04-30T12:08:49+05:30,human_redis_template,update,156,200,15.070,707,-
2026-04-30T12:08:49+05:30,human_redis_template,update,157,200,15.629,707,-
2026-04-30T12:08:49+05:30,human_redis_template,update,158,200,14.971,707,-
2026-04-30T12:08:49+05:30,human_redis_template,update,159,200,14.911,707,-
2026-04-30T12:08:49+05:30,human_redis_template,update,160,200,14.658,707,-
2026-04-30T12:08:49+05:30,human_redis_template,update,161,200,14.586,707,-
2026-04-30T12:08:49+05:30,human_redis_template,update,162,200,15.246,707,-
2026-04-30T12:08:49+05:30,human_redis_template,update,163,200,15.194,707,-
2026-04-30T12:08:49+05:30,human_redis_template,update,164,200,15.642,707,-
2026-04-30T12:08:49+05:30,human_redis_template,update,165,200,14.876,707,-
2026-04-30T12:08:49+05:30,human_redis_template,update,166,200,14.642,707,-
2026-04-30T12:08:49+05:30,human_redis_template,update,167,200,16.042,707,-
2026-04-30T12:08:49+05:30,human_redis_template,update,168,200,17.591,707,-
2026-04-30T12:08:49+05:30,human_redis_template,update,169,200,15.200,707,-
2026-04-30T12:08:49+05:30,human_redis_template,update,170,200,15.545,707,-
2026-04-30T12:08:49+05:30,human_redis_template,update,171,200,15.707,707,-
2026-04-30T12:08:49+05:30,human_redis_template,update,172,200,15.886,707,-
2026-04-30T12:08:49+05:30,human_redis_template,update,173,200,14.899,707,-
2026-04-30T12:08:49+05:30,human_redis_template,update,174,200,14.905,707,-
2026-04-30T12:08:49+05:30,human_redis_template,update,175,200,15.027,707,-
2026-04-30T12:08:49+05:30,human_redis_template,update,176,200,16.249,707,-
2026-04-30T12:08:49+05:30,human_redis_template,update,177,200,14.606,707,-
2026-04-30T12:08:49+05:30,human_redis_template,update,178,200,15.842,707,-
2026-04-30T12:08:50+05:30,human_redis_template,update,179,200,15.005,707,-
2026-04-30T12:08:50+05:30,human_redis_template,update,180,200,18.830,707,-
2026-04-30T12:08:50+05:30,human_redis_template,update,181,200,15.457,707,-
2026-04-30T12:08:50+05:30,human_redis_template,update,182,200,14.904,707,-
2026-04-30T12:08:50+05:30,human_redis_template,update,183,200,14.909,707,-
2026-04-30T12:08:50+05:30,human_redis_template,update,184,200,16.730,707,-
2026-04-30T12:08:50+05:30,human_redis_template,update,185,200,15.395,707,-
2026-04-30T12:08:50+05:30,human_redis_template,update,186,200,14.639,707,-
2026-04-30T12:08:50+05:30,human_redis_template,update,187,200,14.628,707,-
2026-04-30T12:08:50+05:30,human_redis_template,update,188,200,14.414,707,-
2026-04-30T12:08:50+05:30,human_redis_template,update,189,200,20.139,707,-
2026-04-30T12:08:50+05:30,human_redis_template,update,190,200,21.220,707,-
2026-04-30T12:08:50+05:30,human_redis_template,update,191,200,14.850,707,-
2026-04-30T12:08:50+05:30,human_redis_template,update,192,200,14.804,707,-
2026-04-30T12:08:50+05:30,human_redis_template,update,193,200,16.229,707,-
2026-04-30T12:08:50+05:30,human_redis_template,update,194,200,15.319,707,-
2026-04-30T12:08:50+05:30,human_redis_template,update,195,200,14.409,707,-
2026-04-30T12:08:50+05:30,human_redis_template,update,196,200,14.643,707,-
2026-04-30T12:08:50+05:30,human_redis_template,update,197,200,16.466,707,-
2026-04-30T12:08:50+05:30,human_redis_template,update,198,200,24.375,707,-
2026-04-30T12:08:50+05:30,human_redis_template,update,199,200,16.321,707,-
2026-04-30T12:08:50+05:30,human_redis_template,update,200,200,16.656,707,-
2026-04-30T12:08:50+05:30,user_cacheable,get_by_id,1,200,6.982,712,-
2026-04-30T12:08:50+05:30,user_cacheable,get_by_id,2,200,5.724,712,-
2026-04-30T12:08:50+05:30,user_cacheable,get_by_id,3,200,2.241,712,-
2026-04-30T12:08:50+05:30,user_cacheable,get_by_id,4,200,2.381,712,-
2026-04-30T12:08:50+05:30,user_cacheable,get_by_id,5,200,2.319,712,-
2026-04-30T12:08:50+05:30,user_cacheable,get_by_id,6,200,2.186,712,-
2026-04-30T12:08:50+05:30,user_cacheable,get_by_id,7,200,2.222,712,-
2026-04-30T12:08:50+05:30,user_cacheable,get_by_id,8,200,8.848,712,-
2026-04-30T12:08:50+05:30,user_cacheable,get_by_id,9,200,2.563,712,-
2026-04-30T12:08:50+05:30,user_cacheable,get_by_id,10,200,2.856,712,-
2026-04-30T12:08:50+05:30,user_cacheable,get_by_id,11,200,2.834,712,-
2026-04-30T12:08:50+05:30,user_cacheable,get_by_id,12,200,2.440,712,-
2026-04-30T12:08:50+05:30,user_cacheable,get_by_id,13,200,2.766,712,-
2026-04-30T12:08:50+05:30,user_cacheable,get_by_id,14,200,1.988,712,-
2026-04-30T12:08:50+05:30,user_cacheable,get_by_id,15,200,2.554,712,-
2026-04-30T12:08:50+05:30,user_cacheable,get_by_id,16,200,2.434,712,-
2026-04-30T12:08:50+05:30,user_cacheable,get_by_id,17,200,2.014,712,-
2026-04-30T12:08:50+05:30,user_cacheable,get_by_id,18,200,2.458,712,-
2026-04-30T12:08:50+05:30,user_cacheable,get_by_id,19,200,2.419,712,-
2026-04-30T12:08:50+05:30,user_cacheable,get_by_id,20,200,9.970,712,-
2026-04-30T12:08:50+05:30,user_cacheable,get_by_id,21,200,10.619,712,-
2026-04-30T12:08:50+05:30,user_cacheable,get_by_id,22,200,1.857,712,-
2026-04-30T12:08:50+05:30,user_cacheable,get_by_id,23,200,1.872,712,-
2026-04-30T12:08:50+05:30,user_cacheable,get_by_id,24,200,4.327,712,-
2026-04-30T12:08:50+05:30,user_cacheable,get_by_id,25,200,2.883,712,-
2026-04-30T12:08:50+05:30,user_cacheable,get_by_id,26,200,5.677,712,-
2026-04-30T12:08:50+05:30,user_cacheable,get_by_id,27,200,1.918,712,-
2026-04-30T12:08:50+05:30,user_cacheable,get_by_id,28,200,1.926,712,-
2026-04-30T12:08:50+05:30,user_cacheable,get_by_id,29,200,1.867,712,-
2026-04-30T12:08:50+05:30,user_cacheable,get_by_id,30,200,2.038,712,-
2026-04-30T12:08:50+05:30,user_cacheable,get_by_id,31,200,1.726,712,-
2026-04-30T12:08:50+05:30,user_cacheable,get_by_id,32,200,1.921,712,-
2026-04-30T12:08:50+05:30,user_cacheable,get_by_id,33,200,7.758,712,-
2026-04-30T12:08:50+05:30,user_cacheable,get_by_id,34,200,2.101,712,-
2026-04-30T12:08:50+05:30,user_cacheable,get_by_id,35,200,1.890,712,-
2026-04-30T12:08:50+05:30,user_cacheable,get_by_id,36,200,2.324,712,-
2026-04-30T12:08:50+05:30,user_cacheable,get_by_id,37,200,2.898,712,-
2026-04-30T12:08:51+05:30,user_cacheable,get_by_id,38,200,1.899,712,-
2026-04-30T12:08:51+05:30,user_cacheable,get_by_id,39,200,1.925,712,-
2026-04-30T12:08:51+05:30,user_cacheable,get_by_id,40,200,2.402,712,-
2026-04-30T12:08:51+05:30,user_cacheable,get_by_id,41,200,8.684,712,-
2026-04-30T12:08:51+05:30,user_cacheable,get_by_id,42,200,1.773,712,-
2026-04-30T12:08:51+05:30,user_cacheable,get_by_id,43,200,2.761,712,-
2026-04-30T12:08:51+05:30,user_cacheable,get_by_id,44,200,2.659,712,-
2026-04-30T12:08:51+05:30,user_cacheable,get_by_id,45,200,2.636,712,-
2026-04-30T12:08:51+05:30,user_cacheable,get_by_id,46,200,2.489,712,-
2026-04-30T12:08:51+05:30,user_cacheable,get_by_id,47,200,3.276,712,-
2026-04-30T12:08:51+05:30,user_cacheable,get_by_id,48,200,3.372,712,-
2026-04-30T12:08:51+05:30,user_cacheable,get_by_id,49,200,3.278,712,-
2026-04-30T12:08:51+05:30,user_cacheable,get_by_id,50,200,2.555,712,-
2026-04-30T12:08:51+05:30,user_cacheable,get_by_id,51,200,2.698,712,-
2026-04-30T12:08:51+05:30,user_cacheable,get_by_id,52,200,2.749,712,-
2026-04-30T12:08:51+05:30,user_cacheable,get_by_id,53,200,2.492,712,-
2026-04-30T12:08:51+05:30,user_cacheable,get_by_id,54,200,2.499,712,-
2026-04-30T12:08:51+05:30,user_cacheable,get_by_id,55,200,2.451,712,-
2026-04-30T12:08:51+05:30,user_cacheable,get_by_id,56,200,3.778,712,-
2026-04-30T12:08:51+05:30,user_cacheable,get_by_id,57,200,2.789,712,-
2026-04-30T12:08:51+05:30,user_cacheable,get_by_id,58,200,2.501,712,-
2026-04-30T12:08:51+05:30,user_cacheable,get_by_id,59,200,2.446,712,-
2026-04-30T12:08:51+05:30,user_cacheable,get_by_id,60,200,2.400,712,-
2026-04-30T12:08:51+05:30,user_cacheable,get_by_id,61,200,3.395,712,-
2026-04-30T12:08:51+05:30,user_cacheable,get_by_id,62,200,8.877,712,-
2026-04-30T12:08:51+05:30,user_cacheable,get_by_id,63,200,1.983,712,-
2026-04-30T12:08:51+05:30,user_cacheable,get_by_id,64,200,1.908,712,-
2026-04-30T12:08:51+05:30,user_cacheable,get_by_id,65,200,1.806,712,-
2026-04-30T12:08:51+05:30,user_cacheable,get_by_id,66,200,1.945,712,-
2026-04-30T12:08:51+05:30,user_cacheable,get_by_id,67,200,1.689,712,-
2026-04-30T12:08:51+05:30,user_cacheable,get_by_id,68,200,2.835,712,-
2026-04-30T12:08:51+05:30,user_cacheable,get_by_id,69,200,2.325,712,-
2026-04-30T12:08:51+05:30,user_cacheable,get_by_id,70,200,2.488,712,-
2026-04-30T12:08:51+05:30,user_cacheable,get_by_id,71,200,10.264,712,-
2026-04-30T12:08:51+05:30,user_cacheable,get_by_id,72,200,2.391,712,-
2026-04-30T12:08:51+05:30,user_cacheable,get_by_id,73,200,8.890,712,-
2026-04-30T12:08:51+05:30,user_cacheable,get_by_id,74,200,2.054,712,-
2026-04-30T12:08:51+05:30,user_cacheable,get_by_id,75,200,2.293,712,-
2026-04-30T12:08:51+05:30,user_cacheable,get_by_id,76,200,2.093,712,-
2026-04-30T12:08:51+05:30,user_cacheable,get_by_id,77,200,1.865,712,-
2026-04-30T12:08:51+05:30,user_cacheable,get_by_id,78,200,1.879,712,-
2026-04-30T12:08:51+05:30,user_cacheable,get_by_id,79,200,1.725,712,-
2026-04-30T12:08:51+05:30,user_cacheable,get_by_id,80,200,1.777,712,-
2026-04-30T12:08:51+05:30,user_cacheable,get_by_id,81,200,1.921,712,-
2026-04-30T12:08:51+05:30,user_cacheable,get_by_id,82,200,8.755,712,-
2026-04-30T12:08:51+05:30,user_cacheable,get_by_id,83,200,1.868,712,-
2026-04-30T12:08:51+05:30,user_cacheable,get_by_id,84,200,2.064,712,-
2026-04-30T12:08:51+05:30,user_cacheable,get_by_id,85,200,2.852,712,-
2026-04-30T12:08:51+05:30,user_cacheable,get_by_id,86,200,2.694,712,-
2026-04-30T12:08:51+05:30,user_cacheable,get_by_id,87,200,2.100,712,-
2026-04-30T12:08:51+05:30,user_cacheable,get_by_id,88,200,2.375,712,-
2026-04-30T12:08:51+05:30,user_cacheable,get_by_id,89,200,2.356,712,-
2026-04-30T12:08:51+05:30,user_cacheable,get_by_id,90,200,3.434,712,-
2026-04-30T12:08:51+05:30,user_cacheable,get_by_id,91,200,1.742,712,-
2026-04-30T12:08:51+05:30,user_cacheable,get_by_id,92,200,1.700,712,-
2026-04-30T12:08:51+05:30,user_cacheable,get_by_id,93,200,1.731,712,-
2026-04-30T12:08:51+05:30,user_cacheable,get_by_id,94,200,2.373,712,-
2026-04-30T12:08:51+05:30,user_cacheable,get_by_id,95,200,9.173,712,-
2026-04-30T12:08:51+05:30,user_cacheable,get_by_id,96,200,1.761,712,-
2026-04-30T12:08:51+05:30,user_cacheable,get_by_id,97,200,1.872,712,-
2026-04-30T12:08:51+05:30,user_cacheable,get_by_id,98,200,2.398,712,-
2026-04-30T12:08:51+05:30,user_cacheable,get_by_id,99,200,2.196,712,-
2026-04-30T12:08:51+05:30,user_cacheable,get_by_id,100,200,2.038,712,-
2026-04-30T12:08:51+05:30,user_cacheable,get_by_id,101,200,2.320,712,-
2026-04-30T12:08:51+05:30,user_cacheable,get_by_id,102,200,8.435,712,-
2026-04-30T12:08:51+05:30,user_cacheable,get_by_id,103,200,8.198,712,-
2026-04-30T12:08:51+05:30,user_cacheable,get_by_id,104,200,10.611,712,-
2026-04-30T12:08:52+05:30,user_cacheable,get_by_id,105,200,9.188,712,-
2026-04-30T12:08:52+05:30,user_cacheable,get_by_id,106,200,10.828,712,-
2026-04-30T12:08:52+05:30,user_cacheable,get_by_id,107,200,1.690,712,-
2026-04-30T12:08:52+05:30,user_cacheable,get_by_id,108,200,2.046,712,-
2026-04-30T12:08:52+05:30,user_cacheable,get_by_id,109,200,1.668,712,-
2026-04-30T12:08:52+05:30,user_cacheable,get_by_id,110,200,1.832,712,-
2026-04-30T12:08:52+05:30,user_cacheable,get_by_id,111,200,2.807,712,-
2026-04-30T12:08:52+05:30,user_cacheable,get_by_id,112,200,2.195,712,-
2026-04-30T12:08:52+05:30,user_cacheable,get_by_id,113,200,2.548,712,-
2026-04-30T12:08:52+05:30,user_cacheable,get_by_id,114,200,8.660,712,-
2026-04-30T12:08:52+05:30,user_cacheable,get_by_id,115,200,8.519,712,-
2026-04-30T12:08:52+05:30,user_cacheable,get_by_id,116,200,8.914,712,-
2026-04-30T12:08:52+05:30,user_cacheable,get_by_id,117,200,1.671,712,-
2026-04-30T12:08:52+05:30,user_cacheable,get_by_id,118,200,1.676,712,-
2026-04-30T12:08:52+05:30,user_cacheable,get_by_id,119,200,1.783,712,-
2026-04-30T12:08:52+05:30,user_cacheable,get_by_id,120,200,1.779,712,-
2026-04-30T12:08:52+05:30,user_cacheable,get_by_id,121,200,1.683,712,-
2026-04-30T12:08:52+05:30,user_cacheable,get_by_id,122,200,1.690,712,-
2026-04-30T12:08:52+05:30,user_cacheable,get_by_id,123,200,1.776,712,-
2026-04-30T12:08:52+05:30,user_cacheable,get_by_id,124,200,1.712,712,-
2026-04-30T12:08:52+05:30,user_cacheable,get_by_id,125,200,2.192,712,-
2026-04-30T12:08:52+05:30,user_cacheable,get_by_id,126,200,2.151,712,-
2026-04-30T12:08:52+05:30,user_cacheable,get_by_id,127,200,3.390,712,-
2026-04-30T12:08:52+05:30,user_cacheable,get_by_id,128,200,3.015,712,-
2026-04-30T12:08:52+05:30,user_cacheable,get_by_id,129,200,2.075,712,-
2026-04-30T12:08:52+05:30,user_cacheable,get_by_id,130,200,2.160,712,-
2026-04-30T12:08:52+05:30,user_cacheable,get_by_id,131,200,2.198,712,-
2026-04-30T12:08:52+05:30,user_cacheable,get_by_id,132,200,9.858,712,-
2026-04-30T12:08:52+05:30,user_cacheable,get_by_id,133,200,1.652,712,-
2026-04-30T12:08:52+05:30,user_cacheable,get_by_id,134,200,1.835,712,-
2026-04-30T12:08:52+05:30,user_cacheable,get_by_id,135,200,1.630,712,-
2026-04-30T12:08:52+05:30,user_cacheable,get_by_id,136,200,1.690,712,-
2026-04-30T12:08:52+05:30,user_cacheable,get_by_id,137,200,2.355,712,-
2026-04-30T12:08:52+05:30,user_cacheable,get_by_id,138,200,8.444,712,-
2026-04-30T12:08:52+05:30,user_cacheable,get_by_id,139,200,1.616,712,-
2026-04-30T12:08:52+05:30,user_cacheable,get_by_id,140,200,1.773,712,-
2026-04-30T12:08:52+05:30,user_cacheable,get_by_id,141,200,9.626,712,-
2026-04-30T12:08:52+05:30,user_cacheable,get_by_id,142,200,1.880,712,-
2026-04-30T12:08:52+05:30,user_cacheable,get_by_id,143,200,1.644,712,-
2026-04-30T12:08:52+05:30,user_cacheable,get_by_id,144,200,2.154,712,-
2026-04-30T12:08:52+05:30,user_cacheable,get_by_id,145,200,2.261,712,-
2026-04-30T12:08:52+05:30,user_cacheable,get_by_id,146,200,9.991,712,-
2026-04-30T12:08:52+05:30,user_cacheable,get_by_id,147,200,1.557,712,-
2026-04-30T12:08:52+05:30,user_cacheable,get_by_id,148,200,8.143,712,-
2026-04-30T12:08:52+05:30,user_cacheable,get_by_id,149,200,2.188,712,-
2026-04-30T12:08:52+05:30,user_cacheable,get_by_id,150,200,2.340,712,-
2026-04-30T12:08:52+05:30,user_cacheable,get_by_id,151,200,1.542,712,-
2026-04-30T12:08:52+05:30,user_cacheable,get_by_id,152,200,1.588,712,-
2026-04-30T12:08:52+05:30,user_cacheable,get_by_id,153,200,1.561,712,-
2026-04-30T12:08:52+05:30,user_cacheable,get_by_id,154,200,1.744,712,-
2026-04-30T12:08:52+05:30,user_cacheable,get_by_id,155,200,2.291,712,-
2026-04-30T12:08:52+05:30,user_cacheable,get_by_id,156,200,1.662,712,-
2026-04-30T12:08:52+05:30,user_cacheable,get_by_id,157,200,1.813,712,-
2026-04-30T12:08:52+05:30,user_cacheable,get_by_id,158,200,1.708,712,-
2026-04-30T12:08:52+05:30,user_cacheable,get_by_id,159,200,1.791,712,-
2026-04-30T12:08:52+05:30,user_cacheable,get_by_id,160,200,1.868,712,-
2026-04-30T12:08:52+05:30,user_cacheable,get_by_id,161,200,1.649,712,-
2026-04-30T12:08:52+05:30,user_cacheable,get_by_id,162,200,1.722,712,-
2026-04-30T12:08:52+05:30,user_cacheable,get_by_id,163,200,1.546,712,-
2026-04-30T12:08:52+05:30,user_cacheable,get_by_id,164,200,8.659,712,-
2026-04-30T12:08:52+05:30,user_cacheable,get_by_id,165,200,2.301,712,-
2026-04-30T12:08:52+05:30,user_cacheable,get_by_id,166,200,1.906,712,-
2026-04-30T12:08:52+05:30,user_cacheable,get_by_id,167,200,1.975,712,-
2026-04-30T12:08:52+05:30,user_cacheable,get_by_id,168,200,2.651,712,-
2026-04-30T12:08:52+05:30,user_cacheable,get_by_id,169,200,2.362,712,-
2026-04-30T12:08:52+05:30,user_cacheable,get_by_id,170,200,8.598,712,-
2026-04-30T12:08:52+05:30,user_cacheable,get_by_id,171,200,1.678,712,-
2026-04-30T12:08:52+05:30,user_cacheable,get_by_id,172,200,9.471,712,-
2026-04-30T12:08:52+05:30,user_cacheable,get_by_id,173,200,2.293,712,-
2026-04-30T12:08:52+05:30,user_cacheable,get_by_id,174,200,1.790,712,-
2026-04-30T12:08:52+05:30,user_cacheable,get_by_id,175,200,1.761,712,-
2026-04-30T12:08:52+05:30,user_cacheable,get_by_id,176,200,1.560,712,-
2026-04-30T12:08:52+05:30,user_cacheable,get_by_id,177,200,1.668,712,-
2026-04-30T12:08:52+05:30,user_cacheable,get_by_id,178,200,2.121,712,-
2026-04-30T12:08:52+05:30,user_cacheable,get_by_id,179,200,1.547,712,-
2026-04-30T12:08:52+05:30,user_cacheable,get_by_id,180,200,2.121,712,-
2026-04-30T12:08:52+05:30,user_cacheable,get_by_id,181,200,7.792,712,-
2026-04-30T12:08:52+05:30,user_cacheable,get_by_id,182,200,1.706,712,-
2026-04-30T12:08:52+05:30,user_cacheable,get_by_id,183,200,2.705,712,-
2026-04-30T12:08:52+05:30,user_cacheable,get_by_id,184,200,2.113,712,-
2026-04-30T12:08:52+05:30,user_cacheable,get_by_id,185,200,2.547,712,-
2026-04-30T12:08:52+05:30,user_cacheable,get_by_id,186,200,2.121,712,-
2026-04-30T12:08:52+05:30,user_cacheable,get_by_id,187,200,7.916,712,-
2026-04-30T12:08:52+05:30,user_cacheable,get_by_id,188,200,1.547,712,-
2026-04-30T12:08:53+05:30,user_cacheable,get_by_id,189,200,2.054,712,-
2026-04-30T12:08:53+05:30,user_cacheable,get_by_id,190,200,1.662,712,-
2026-04-30T12:08:53+05:30,user_cacheable,get_by_id,191,200,2.031,712,-
2026-04-30T12:08:53+05:30,user_cacheable,get_by_id,192,200,1.642,712,-
2026-04-30T12:08:53+05:30,user_cacheable,get_by_id,193,200,2.178,712,-
2026-04-30T12:08:53+05:30,user_cacheable,get_by_id,194,200,1.596,712,-
2026-04-30T12:08:53+05:30,user_cacheable,get_by_id,195,200,1.646,712,-
2026-04-30T12:08:53+05:30,user_cacheable,get_by_id,196,200,1.546,712,-
2026-04-30T12:08:53+05:30,user_cacheable,get_by_id,197,200,7.890,712,-
2026-04-30T12:08:53+05:30,user_cacheable,get_by_id,198,200,8.468,712,-
2026-04-30T12:08:53+05:30,user_cacheable,get_by_id,199,200,1.774,712,-
2026-04-30T12:08:53+05:30,user_cacheable,get_by_id,200,200,1.625,712,-
2026-04-30T12:08:53+05:30,student_redis_repo,get_by_id,1,200,12.907,719,-
2026-04-30T12:08:53+05:30,student_redis_repo,get_by_id,2,200,1.911,719,-
2026-04-30T12:08:53+05:30,student_redis_repo,get_by_id,3,200,9.420,719,-
2026-04-30T12:08:53+05:30,student_redis_repo,get_by_id,4,200,8.369,719,-
2026-04-30T12:08:53+05:30,student_redis_repo,get_by_id,5,200,2.140,719,-
2026-04-30T12:08:53+05:30,student_redis_repo,get_by_id,6,200,7.996,719,-
2026-04-30T12:08:53+05:30,student_redis_repo,get_by_id,7,200,1.677,719,-
2026-04-30T12:08:53+05:30,student_redis_repo,get_by_id,8,200,8.287,719,-
2026-04-30T12:08:53+05:30,student_redis_repo,get_by_id,9,200,1.704,719,-
2026-04-30T12:08:53+05:30,student_redis_repo,get_by_id,10,200,1.642,719,-
2026-04-30T12:08:53+05:30,student_redis_repo,get_by_id,11,200,2.418,719,-
2026-04-30T12:08:53+05:30,student_redis_repo,get_by_id,12,200,9.538,719,-
2026-04-30T12:08:53+05:30,student_redis_repo,get_by_id,13,200,1.699,719,-
2026-04-30T12:08:53+05:30,student_redis_repo,get_by_id,14,200,2.119,719,-
2026-04-30T12:08:53+05:30,student_redis_repo,get_by_id,15,200,8.989,719,-
2026-04-30T12:08:53+05:30,student_redis_repo,get_by_id,16,200,2.284,719,-
2026-04-30T12:08:53+05:30,student_redis_repo,get_by_id,17,200,1.700,719,-
2026-04-30T12:08:53+05:30,student_redis_repo,get_by_id,18,200,2.267,719,-
2026-04-30T12:08:53+05:30,student_redis_repo,get_by_id,19,200,1.668,719,-
2026-04-30T12:08:53+05:30,student_redis_repo,get_by_id,20,200,8.138,719,-
2026-04-30T12:08:53+05:30,student_redis_repo,get_by_id,21,200,1.814,719,-
2026-04-30T12:08:53+05:30,student_redis_repo,get_by_id,22,200,2.443,719,-
2026-04-30T12:08:53+05:30,student_redis_repo,get_by_id,23,200,1.709,719,-
2026-04-30T12:08:53+05:30,student_redis_repo,get_by_id,24,200,1.741,719,-
2026-04-30T12:08:53+05:30,student_redis_repo,get_by_id,25,200,1.798,719,-
2026-04-30T12:08:53+05:30,student_redis_repo,get_by_id,26,200,2.297,719,-
2026-04-30T12:08:53+05:30,student_redis_repo,get_by_id,27,200,2.505,719,-
2026-04-30T12:08:53+05:30,student_redis_repo,get_by_id,28,200,10.284,719,-
2026-04-30T12:08:53+05:30,student_redis_repo,get_by_id,29,200,1.628,719,-
2026-04-30T12:08:53+05:30,student_redis_repo,get_by_id,30,200,7.775,719,-
2026-04-30T12:08:53+05:30,student_redis_repo,get_by_id,31,200,1.887,719,-
2026-04-30T12:08:53+05:30,student_redis_repo,get_by_id,32,200,2.286,719,-
2026-04-30T12:08:53+05:30,student_redis_repo,get_by_id,33,200,1.680,719,-
2026-04-30T12:08:53+05:30,student_redis_repo,get_by_id,34,200,2.210,719,-
2026-04-30T12:08:53+05:30,student_redis_repo,get_by_id,35,200,1.923,719,-
2026-04-30T12:08:53+05:30,student_redis_repo,get_by_id,36,200,8.131,719,-
2026-04-30T12:08:53+05:30,student_redis_repo,get_by_id,37,200,1.661,719,-
2026-04-30T12:08:53+05:30,student_redis_repo,get_by_id,38,200,1.689,719,-
2026-04-30T12:08:53+05:30,student_redis_repo,get_by_id,39,200,2.248,719,-
2026-04-30T12:08:53+05:30,student_redis_repo,get_by_id,40,200,1.601,719,-
2026-04-30T12:08:53+05:30,student_redis_repo,get_by_id,41,200,8.143,719,-
2026-04-30T12:08:53+05:30,student_redis_repo,get_by_id,42,200,1.662,719,-
2026-04-30T12:08:53+05:30,student_redis_repo,get_by_id,43,200,1.808,719,-
2026-04-30T12:08:53+05:30,student_redis_repo,get_by_id,44,200,1.968,719,-
2026-04-30T12:08:53+05:30,student_redis_repo,get_by_id,45,200,1.643,719,-
2026-04-30T12:08:53+05:30,student_redis_repo,get_by_id,46,200,1.794,719,-
2026-04-30T12:08:53+05:30,student_redis_repo,get_by_id,47,200,1.780,719,-
2026-04-30T12:08:53+05:30,student_redis_repo,get_by_id,48,200,1.755,719,-
2026-04-30T12:08:53+05:30,student_redis_repo,get_by_id,49,200,1.712,719,-
2026-04-30T12:08:53+05:30,student_redis_repo,get_by_id,50,200,1.875,719,-
2026-04-30T12:08:53+05:30,student_redis_repo,get_by_id,51,200,1.727,719,-
2026-04-30T12:08:53+05:30,student_redis_repo,get_by_id,52,200,1.905,719,-
2026-04-30T12:08:53+05:30,student_redis_repo,get_by_id,53,200,2.194,719,-
2026-04-30T12:08:53+05:30,student_redis_repo,get_by_id,54,200,2.514,719,-
2026-04-30T12:08:53+05:30,student_redis_repo,get_by_id,55,200,1.641,719,-
2026-04-30T12:08:53+05:30,student_redis_repo,get_by_id,56,200,1.978,719,-
2026-04-30T12:08:53+05:30,student_redis_repo,get_by_id,57,200,1.631,719,-
2026-04-30T12:08:53+05:30,student_redis_repo,get_by_id,58,200,1.953,719,-
2026-04-30T12:08:53+05:30,student_redis_repo,get_by_id,59,200,7.995,719,-
2026-04-30T12:08:53+05:30,student_redis_repo,get_by_id,60,200,1.626,719,-
2026-04-30T12:08:53+05:30,student_redis_repo,get_by_id,61,200,1.946,719,-
2026-04-30T12:08:53+05:30,student_redis_repo,get_by_id,62,200,9.003,719,-
2026-04-30T12:08:53+05:30,student_redis_repo,get_by_id,63,200,1.602,719,-
2026-04-30T12:08:53+05:30,student_redis_repo,get_by_id,64,200,8.404,719,-
2026-04-30T12:08:53+05:30,student_redis_repo,get_by_id,65,200,2.087,719,-
2026-04-30T12:08:53+05:30,student_redis_repo,get_by_id,66,200,1.620,719,-
2026-04-30T12:08:53+05:30,student_redis_repo,get_by_id,67,200,1.602,719,-
2026-04-30T12:08:53+05:30,student_redis_repo,get_by_id,68,200,1.924,719,-
2026-04-30T12:08:53+05:30,student_redis_repo,get_by_id,69,200,8.499,719,-
2026-04-30T12:08:53+05:30,student_redis_repo,get_by_id,70,200,8.233,719,-
2026-04-30T12:08:53+05:30,student_redis_repo,get_by_id,71,200,7.734,719,-
2026-04-30T12:08:53+05:30,student_redis_repo,get_by_id,72,200,11.002,719,-
2026-04-30T12:08:53+05:30,student_redis_repo,get_by_id,73,200,1.560,719,-
2026-04-30T12:08:54+05:30,student_redis_repo,get_by_id,74,200,1.794,719,-
2026-04-30T12:08:54+05:30,student_redis_repo,get_by_id,75,200,1.574,719,-
2026-04-30T12:08:54+05:30,student_redis_repo,get_by_id,76,200,2.204,719,-
2026-04-30T12:08:54+05:30,student_redis_repo,get_by_id,77,200,2.071,719,-
2026-04-30T12:08:54+05:30,student_redis_repo,get_by_id,78,200,8.281,719,-
2026-04-30T12:08:54+05:30,student_redis_repo,get_by_id,79,200,1.550,719,-
2026-04-30T12:08:54+05:30,student_redis_repo,get_by_id,80,200,7.979,719,-
2026-04-30T12:08:54+05:30,student_redis_repo,get_by_id,81,200,1.595,719,-
2026-04-30T12:08:54+05:30,student_redis_repo,get_by_id,82,200,2.233,719,-
2026-04-30T12:08:54+05:30,student_redis_repo,get_by_id,83,200,1.547,719,-
2026-04-30T12:08:54+05:30,student_redis_repo,get_by_id,84,200,2.156,719,-
2026-04-30T12:08:54+05:30,student_redis_repo,get_by_id,85,200,1.663,719,-
2026-04-30T12:08:54+05:30,student_redis_repo,get_by_id,86,200,1.670,719,-
2026-04-30T12:08:54+05:30,student_redis_repo,get_by_id,87,200,1.802,719,-
2026-04-30T12:08:54+05:30,student_redis_repo,get_by_id,88,200,1.731,719,-
2026-04-30T12:08:54+05:30,student_redis_repo,get_by_id,89,200,1.587,719,-
2026-04-30T12:08:54+05:30,student_redis_repo,get_by_id,90,200,2.536,719,-
2026-04-30T12:08:54+05:30,student_redis_repo,get_by_id,91,200,8.073,719,-
2026-04-30T12:08:54+05:30,student_redis_repo,get_by_id,92,200,2.796,719,-
2026-04-30T12:08:54+05:30,student_redis_repo,get_by_id,93,200,10.972,719,-
2026-04-30T12:08:54+05:30,student_redis_repo,get_by_id,94,200,2.968,719,-
2026-04-30T12:08:54+05:30,student_redis_repo,get_by_id,95,200,1.722,719,-
2026-04-30T12:08:54+05:30,student_redis_repo,get_by_id,96,200,1.669,719,-
2026-04-30T12:08:54+05:30,student_redis_repo,get_by_id,97,200,2.744,719,-
2026-04-30T12:08:54+05:30,student_redis_repo,get_by_id,98,200,8.671,719,-
2026-04-30T12:08:54+05:30,student_redis_repo,get_by_id,99,200,8.308,719,-
2026-04-30T12:08:54+05:30,student_redis_repo,get_by_id,100,200,1.606,719,-
2026-04-30T12:08:54+05:30,student_redis_repo,get_by_id,101,200,1.763,719,-
2026-04-30T12:08:54+05:30,student_redis_repo,get_by_id,102,200,1.604,719,-
2026-04-30T12:08:54+05:30,student_redis_repo,get_by_id,103,200,2.078,719,-
2026-04-30T12:08:54+05:30,student_redis_repo,get_by_id,104,200,1.533,719,-
2026-04-30T12:08:54+05:30,student_redis_repo,get_by_id,105,200,1.591,719,-
2026-04-30T12:08:54+05:30,student_redis_repo,get_by_id,106,200,1.520,719,-
2026-04-30T12:08:54+05:30,student_redis_repo,get_by_id,107,200,1.477,719,-
2026-04-30T12:08:54+05:30,student_redis_repo,get_by_id,108,200,1.508,719,-
2026-04-30T12:08:54+05:30,student_redis_repo,get_by_id,109,200,1.455,719,-
2026-04-30T12:08:54+05:30,student_redis_repo,get_by_id,110,200,1.537,719,-
2026-04-30T12:08:54+05:30,student_redis_repo,get_by_id,111,200,1.605,719,-
2026-04-30T12:08:54+05:30,student_redis_repo,get_by_id,112,200,1.729,719,-
2026-04-30T12:08:54+05:30,student_redis_repo,get_by_id,113,200,1.607,719,-
2026-04-30T12:08:54+05:30,student_redis_repo,get_by_id,114,200,1.825,719,-
2026-04-30T12:08:54+05:30,student_redis_repo,get_by_id,115,200,1.597,719,-
2026-04-30T12:08:54+05:30,student_redis_repo,get_by_id,116,200,1.554,719,-
2026-04-30T12:08:54+05:30,student_redis_repo,get_by_id,117,200,1.509,719,-
2026-04-30T12:08:54+05:30,student_redis_repo,get_by_id,118,200,1.504,719,-
2026-04-30T12:08:54+05:30,student_redis_repo,get_by_id,119,200,1.511,719,-
2026-04-30T12:08:54+05:30,student_redis_repo,get_by_id,120,200,1.542,719,-
2026-04-30T12:08:54+05:30,student_redis_repo,get_by_id,121,200,8.275,719,-
2026-04-30T12:08:54+05:30,student_redis_repo,get_by_id,122,200,2.070,719,-
2026-04-30T12:08:54+05:30,student_redis_repo,get_by_id,123,200,1.707,719,-
2026-04-30T12:08:54+05:30,student_redis_repo,get_by_id,124,200,8.404,719,-
2026-04-30T12:08:54+05:30,student_redis_repo,get_by_id,125,200,2.107,719,-
2026-04-30T12:08:54+05:30,student_redis_repo,get_by_id,126,200,1.685,719,-
2026-04-30T12:08:54+05:30,student_redis_repo,get_by_id,127,200,2.127,719,-
2026-04-30T12:08:54+05:30,student_redis_repo,get_by_id,128,200,3.389,719,-
2026-04-30T12:08:54+05:30,student_redis_repo,get_by_id,129,200,10.509,719,-
2026-04-30T12:08:54+05:30,student_redis_repo,get_by_id,130,200,2.719,719,-
2026-04-30T12:08:54+05:30,student_redis_repo,get_by_id,131,200,9.238,719,-
2026-04-30T12:08:54+05:30,student_redis_repo,get_by_id,132,200,1.787,719,-
2026-04-30T12:08:54+05:30,student_redis_repo,get_by_id,133,200,7.538,719,-
2026-04-30T12:08:54+05:30,student_redis_repo,get_by_id,134,200,1.481,719,-
2026-04-30T12:08:54+05:30,student_redis_repo,get_by_id,135,200,7.674,719,-
2026-04-30T12:08:54+05:30,student_redis_repo,get_by_id,136,200,1.505,719,-
2026-04-30T12:08:54+05:30,student_redis_repo,get_by_id,137,200,1.559,719,-
2026-04-30T12:08:54+05:30,student_redis_repo,get_by_id,138,200,1.596,719,-
2026-04-30T12:08:54+05:30,student_redis_repo,get_by_id,139,200,1.529,719,-
2026-04-30T12:08:54+05:30,student_redis_repo,get_by_id,140,200,1.580,719,-
2026-04-30T12:08:54+05:30,student_redis_repo,get_by_id,141,200,1.544,719,-
2026-04-30T12:08:54+05:30,student_redis_repo,get_by_id,142,200,8.166,719,-
2026-04-30T12:08:54+05:30,student_redis_repo,get_by_id,143,200,1.688,719,-
2026-04-30T12:08:54+05:30,student_redis_repo,get_by_id,144,200,1.766,719,-
2026-04-30T12:08:54+05:30,student_redis_repo,get_by_id,145,200,1.646,719,-
2026-04-30T12:08:54+05:30,student_redis_repo,get_by_id,146,200,1.685,719,-
2026-04-30T12:08:54+05:30,student_redis_repo,get_by_id,147,200,1.478,719,-
2026-04-30T12:08:54+05:30,student_redis_repo,get_by_id,148,200,1.572,719,-
2026-04-30T12:08:54+05:30,student_redis_repo,get_by_id,149,200,2.051,719,-
2026-04-30T12:08:54+05:30,student_redis_repo,get_by_id,150,200,9.132,719,-
2026-04-30T12:08:54+05:30,student_redis_repo,get_by_id,151,200,1.803,719,-
2026-04-30T12:08:54+05:30,student_redis_repo,get_by_id,152,200,1.723,719,-
2026-04-30T12:08:54+05:30,student_redis_repo,get_by_id,153,200,8.924,719,-
2026-04-30T12:08:54+05:30,student_redis_repo,get_by_id,154,200,1.616,719,-
2026-04-30T12:08:54+05:30,student_redis_repo,get_by_id,155,200,9.005,719,-
2026-04-30T12:08:54+05:30,student_redis_repo,get_by_id,156,200,1.553,719,-
2026-04-30T12:08:54+05:30,student_redis_repo,get_by_id,157,200,2.024,719,-
2026-04-30T12:08:54+05:30,student_redis_repo,get_by_id,158,200,1.528,719,-
2026-04-30T12:08:54+05:30,student_redis_repo,get_by_id,159,200,7.807,719,-
2026-04-30T12:08:54+05:30,student_redis_repo,get_by_id,160,200,1.651,719,-
2026-04-30T12:08:54+05:30,student_redis_repo,get_by_id,161,200,2.106,719,-
2026-04-30T12:08:54+05:30,student_redis_repo,get_by_id,162,200,1.743,719,-
2026-04-30T12:08:54+05:30,student_redis_repo,get_by_id,163,200,1.540,719,-
2026-04-30T12:08:54+05:30,student_redis_repo,get_by_id,164,200,1.610,719,-
2026-04-30T12:08:55+05:30,student_redis_repo,get_by_id,165,200,2.312,719,-
2026-04-30T12:08:55+05:30,student_redis_repo,get_by_id,166,200,2.084,719,-
2026-04-30T12:08:55+05:30,student_redis_repo,get_by_id,167,200,1.658,719,-
2026-04-30T12:08:55+05:30,student_redis_repo,get_by_id,168,200,1.547,719,-
2026-04-30T12:08:55+05:30,student_redis_repo,get_by_id,169,200,1.815,719,-
2026-04-30T12:08:55+05:30,student_redis_repo,get_by_id,170,200,1.844,719,-
2026-04-30T12:08:55+05:30,student_redis_repo,get_by_id,171,200,1.485,719,-
2026-04-30T12:08:55+05:30,student_redis_repo,get_by_id,172,200,1.542,719,-
2026-04-30T12:08:55+05:30,student_redis_repo,get_by_id,173,200,1.567,719,-
2026-04-30T12:08:55+05:30,student_redis_repo,get_by_id,174,200,1.633,719,-
2026-04-30T12:08:55+05:30,student_redis_repo,get_by_id,175,200,1.640,719,-
2026-04-30T12:08:55+05:30,student_redis_repo,get_by_id,176,200,1.595,719,-
2026-04-30T12:08:55+05:30,student_redis_repo,get_by_id,177,200,1.582,719,-
2026-04-30T12:08:55+05:30,student_redis_repo,get_by_id,178,200,1.570,719,-
2026-04-30T12:08:55+05:30,student_redis_repo,get_by_id,179,200,1.737,719,-
2026-04-30T12:08:55+05:30,student_redis_repo,get_by_id,180,200,2.244,719,-
2026-04-30T12:08:55+05:30,student_redis_repo,get_by_id,181,200,2.237,719,-
2026-04-30T12:08:55+05:30,student_redis_repo,get_by_id,182,200,2.213,719,-
2026-04-30T12:08:55+05:30,student_redis_repo,get_by_id,183,200,1.565,719,-
2026-04-30T12:08:55+05:30,student_redis_repo,get_by_id,184,200,1.529,719,-
2026-04-30T12:08:55+05:30,student_redis_repo,get_by_id,185,200,1.543,719,-
2026-04-30T12:08:55+05:30,student_redis_repo,get_by_id,186,200,1.966,719,-
2026-04-30T12:08:55+05:30,student_redis_repo,get_by_id,187,200,1.522,719,-
2026-04-30T12:08:55+05:30,student_redis_repo,get_by_id,188,200,7.857,719,-
2026-04-30T12:08:55+05:30,student_redis_repo,get_by_id,189,200,1.729,719,-
2026-04-30T12:08:55+05:30,student_redis_repo,get_by_id,190,200,8.746,719,-
2026-04-30T12:08:55+05:30,student_redis_repo,get_by_id,191,200,1.806,719,-
2026-04-30T12:08:55+05:30,student_redis_repo,get_by_id,192,200,9.989,719,-
2026-04-30T12:08:55+05:30,student_redis_repo,get_by_id,193,200,1.785,719,-
2026-04-30T12:08:55+05:30,student_redis_repo,get_by_id,194,200,1.538,719,-
2026-04-30T12:08:55+05:30,student_redis_repo,get_by_id,195,200,1.595,719,-
2026-04-30T12:08:55+05:30,student_redis_repo,get_by_id,196,200,8.530,719,-
2026-04-30T12:08:55+05:30,student_redis_repo,get_by_id,197,200,9.793,719,-
2026-04-30T12:08:55+05:30,student_redis_repo,get_by_id,198,200,10.864,719,-
2026-04-30T12:08:55+05:30,student_redis_repo,get_by_id,199,200,2.183,719,-
2026-04-30T12:08:55+05:30,student_redis_repo,get_by_id,200,200,2.375,719,-
2026-04-30T12:08:55+05:30,human_redis_template,get_by_id,1,200,24.330,707,-
2026-04-30T12:08:55+05:30,human_redis_template,get_by_id,2,200,12.725,707,-
2026-04-30T12:08:55+05:30,human_redis_template,get_by_id,3,200,2.468,707,-
2026-04-30T12:08:55+05:30,human_redis_template,get_by_id,4,200,2.513,707,-
2026-04-30T12:08:55+05:30,human_redis_template,get_by_id,5,200,4.838,707,-
2026-04-30T12:08:55+05:30,human_redis_template,get_by_id,6,200,2.167,707,-
2026-04-30T12:08:55+05:30,human_redis_template,get_by_id,7,200,2.225,707,-
2026-04-30T12:08:55+05:30,human_redis_template,get_by_id,8,200,1.752,707,-
2026-04-30T12:08:55+05:30,human_redis_template,get_by_id,9,200,1.881,707,-
2026-04-30T12:08:55+05:30,human_redis_template,get_by_id,10,200,2.543,707,-
2026-04-30T12:08:55+05:30,human_redis_template,get_by_id,11,200,1.837,707,-
2026-04-30T12:08:55+05:30,human_redis_template,get_by_id,12,200,8.263,707,-
2026-04-30T12:08:55+05:30,human_redis_template,get_by_id,13,200,2.003,707,-
2026-04-30T12:08:55+05:30,human_redis_template,get_by_id,14,200,1.934,707,-
2026-04-30T12:08:55+05:30,human_redis_template,get_by_id,15,200,1.865,707,-
2026-04-30T12:08:55+05:30,human_redis_template,get_by_id,16,200,1.878,707,-
2026-04-30T12:08:55+05:30,human_redis_template,get_by_id,17,200,2.134,707,-
2026-04-30T12:08:55+05:30,human_redis_template,get_by_id,18,200,1.726,707,-
2026-04-30T12:08:55+05:30,human_redis_template,get_by_id,19,200,1.839,707,-
2026-04-30T12:08:55+05:30,human_redis_template,get_by_id,20,200,1.745,707,-
2026-04-30T12:08:55+05:30,human_redis_template,get_by_id,21,200,1.720,707,-
2026-04-30T12:08:55+05:30,human_redis_template,get_by_id,22,200,8.233,707,-
2026-04-30T12:08:55+05:30,human_redis_template,get_by_id,23,200,1.712,707,-
2026-04-30T12:08:55+05:30,human_redis_template,get_by_id,24,200,7.984,707,-
2026-04-30T12:08:55+05:30,human_redis_template,get_by_id,25,200,2.162,707,-
2026-04-30T12:08:55+05:30,human_redis_template,get_by_id,26,200,2.313,707,-
2026-04-30T12:08:55+05:30,human_redis_template,get_by_id,27,200,1.866,707,-
2026-04-30T12:08:55+05:30,human_redis_template,get_by_id,28,200,2.314,707,-
2026-04-30T12:08:55+05:30,human_redis_template,get_by_id,29,200,1.831,707,-
2026-04-30T12:08:55+05:30,human_redis_template,get_by_id,30,200,1.989,707,-
2026-04-30T12:08:55+05:30,human_redis_template,get_by_id,31,200,10.882,707,-
2026-04-30T12:08:55+05:30,human_redis_template,get_by_id,32,200,2.192,707,-
2026-04-30T12:08:55+05:30,human_redis_template,get_by_id,33,200,2.182,707,-
2026-04-30T12:08:55+05:30,human_redis_template,get_by_id,34,200,1.544,707,-
2026-04-30T12:08:55+05:30,human_redis_template,get_by_id,35,200,7.599,707,-
2026-04-30T12:08:55+05:30,human_redis_template,get_by_id,36,200,2.073,707,-
2026-04-30T12:08:55+05:30,human_redis_template,get_by_id,37,200,1.487,707,-
2026-04-30T12:08:55+05:30,human_redis_template,get_by_id,38,200,1.576,707,-
2026-04-30T12:08:55+05:30,human_redis_template,get_by_id,39,200,1.579,707,-
2026-04-30T12:08:55+05:30,human_redis_template,get_by_id,40,200,1.779,707,-
2026-04-30T12:08:55+05:30,human_redis_template,get_by_id,41,200,1.604,707,-
2026-04-30T12:08:55+05:30,human_redis_template,get_by_id,42,200,1.478,707,-
2026-04-30T12:08:55+05:30,human_redis_template,get_by_id,43,200,1.610,707,-
2026-04-30T12:08:55+05:30,human_redis_template,get_by_id,44,200,1.578,707,-
2026-04-30T12:08:55+05:30,human_redis_template,get_by_id,45,200,1.555,707,-
2026-04-30T12:08:55+05:30,human_redis_template,get_by_id,46,200,1.502,707,-
2026-04-30T12:08:55+05:30,human_redis_template,get_by_id,47,200,1.560,707,-
2026-04-30T12:08:55+05:30,human_redis_template,get_by_id,48,200,1.607,707,-
2026-04-30T12:08:56+05:30,human_redis_template,get_by_id,49,200,1.712,707,-
2026-04-30T12:08:56+05:30,human_redis_template,get_by_id,50,200,1.587,707,-
2026-04-30T12:08:56+05:30,human_redis_template,get_by_id,51,200,2.044,707,-
2026-04-30T12:08:56+05:30,human_redis_template,get_by_id,52,200,8.047,707,-
2026-04-30T12:08:56+05:30,human_redis_template,get_by_id,53,200,9.038,707,-
2026-04-30T12:08:56+05:30,human_redis_template,get_by_id,54,200,1.868,707,-
2026-04-30T12:08:56+05:30,human_redis_template,get_by_id,55,200,1.856,707,-
2026-04-30T12:08:56+05:30,human_redis_template,get_by_id,56,200,2.095,707,-
2026-04-30T12:08:56+05:30,human_redis_template,get_by_id,57,200,1.947,707,-
2026-04-30T12:08:56+05:30,human_redis_template,get_by_id,58,200,2.763,707,-
2026-04-30T12:08:56+05:30,human_redis_template,get_by_id,59,200,10.231,707,-
2026-04-30T12:08:56+05:30,human_redis_template,get_by_id,60,200,11.778,707,-
2026-04-30T12:08:56+05:30,human_redis_template,get_by_id,61,200,2.390,707,-
2026-04-30T12:08:56+05:30,human_redis_template,get_by_id,62,200,8.091,707,-
2026-04-30T12:08:56+05:30,human_redis_template,get_by_id,63,200,1.616,707,-
2026-04-30T12:08:56+05:30,human_redis_template,get_by_id,64,200,7.801,707,-
2026-04-30T12:08:56+05:30,human_redis_template,get_by_id,65,200,1.638,707,-
2026-04-30T12:08:56+05:30,human_redis_template,get_by_id,66,200,7.974,707,-
2026-04-30T12:08:56+05:30,human_redis_template,get_by_id,67,200,7.911,707,-
2026-04-30T12:08:56+05:30,human_redis_template,get_by_id,68,200,2.280,707,-
2026-04-30T12:08:56+05:30,human_redis_template,get_by_id,69,200,10.202,707,-
2026-04-30T12:08:56+05:30,human_redis_template,get_by_id,70,200,1.779,707,-
2026-04-30T12:08:56+05:30,human_redis_template,get_by_id,71,200,9.440,707,-
2026-04-30T12:08:56+05:30,human_redis_template,get_by_id,72,200,1.522,707,-
2026-04-30T12:08:56+05:30,human_redis_template,get_by_id,73,200,1.708,707,-
2026-04-30T12:08:56+05:30,human_redis_template,get_by_id,74,200,1.866,707,-
2026-04-30T12:08:56+05:30,human_redis_template,get_by_id,75,200,1.570,707,-
2026-04-30T12:08:56+05:30,human_redis_template,get_by_id,76,200,8.516,707,-
2026-04-30T12:08:56+05:30,human_redis_template,get_by_id,77,200,1.803,707,-
2026-04-30T12:08:56+05:30,human_redis_template,get_by_id,78,200,1.640,707,-
2026-04-30T12:08:56+05:30,human_redis_template,get_by_id,79,200,1.618,707,-
2026-04-30T12:08:56+05:30,human_redis_template,get_by_id,80,200,1.563,707,-
2026-04-30T12:08:56+05:30,human_redis_template,get_by_id,81,200,8.533,707,-
2026-04-30T12:08:56+05:30,human_redis_template,get_by_id,82,200,2.010,707,-
2026-04-30T12:08:56+05:30,human_redis_template,get_by_id,83,200,2.048,707,-
2026-04-30T12:08:56+05:30,human_redis_template,get_by_id,84,200,8.123,707,-
2026-04-30T12:08:56+05:30,human_redis_template,get_by_id,85,200,1.653,707,-
2026-04-30T12:08:56+05:30,human_redis_template,get_by_id,86,200,1.844,707,-
2026-04-30T12:08:56+05:30,human_redis_template,get_by_id,87,200,1.754,707,-
2026-04-30T12:08:56+05:30,human_redis_template,get_by_id,88,200,1.697,707,-
2026-04-30T12:08:56+05:30,human_redis_template,get_by_id,89,200,1.605,707,-
2026-04-30T12:08:56+05:30,human_redis_template,get_by_id,90,200,2.104,707,-
2026-04-30T12:08:56+05:30,human_redis_template,get_by_id,91,200,1.562,707,-
2026-04-30T12:08:56+05:30,human_redis_template,get_by_id,92,200,1.538,707,-
2026-04-30T12:08:56+05:30,human_redis_template,get_by_id,93,200,9.348,707,-
2026-04-30T12:08:56+05:30,human_redis_template,get_by_id,94,200,2.304,707,-
2026-04-30T12:08:56+05:30,human_redis_template,get_by_id,95,200,9.221,707,-
2026-04-30T12:08:56+05:30,human_redis_template,get_by_id,96,200,1.442,707,-
2026-04-30T12:08:56+05:30,human_redis_template,get_by_id,97,200,1.740,707,-
2026-04-30T12:08:56+05:30,human_redis_template,get_by_id,98,200,1.929,707,-
2026-04-30T12:08:56+05:30,human_redis_template,get_by_id,99,200,7.542,707,-
2026-04-30T12:08:56+05:30,human_redis_template,get_by_id,100,200,1.565,707,-
2026-04-30T12:08:56+05:30,human_redis_template,get_by_id,101,200,9.349,707,-
2026-04-30T12:08:56+05:30,human_redis_template,get_by_id,102,200,2.199,707,-
2026-04-30T12:08:56+05:30,human_redis_template,get_by_id,103,200,1.683,707,-
2026-04-30T12:08:56+05:30,human_redis_template,get_by_id,104,200,1.875,707,-
2026-04-30T12:08:56+05:30,human_redis_template,get_by_id,105,200,1.465,707,-
2026-04-30T12:08:56+05:30,human_redis_template,get_by_id,106,200,1.514,707,-
2026-04-30T12:08:56+05:30,human_redis_template,get_by_id,107,200,2.110,707,-
2026-04-30T12:08:56+05:30,human_redis_template,get_by_id,108,200,2.032,707,-
2026-04-30T12:08:56+05:30,human_redis_template,get_by_id,109,200,1.841,707,-
2026-04-30T12:08:56+05:30,human_redis_template,get_by_id,110,200,12.103,707,-
2026-04-30T12:08:56+05:30,human_redis_template,get_by_id,111,200,1.571,707,-
2026-04-30T12:08:56+05:30,human_redis_template,get_by_id,112,200,1.452,707,-
2026-04-30T12:08:56+05:30,human_redis_template,get_by_id,113,200,2.104,707,-
2026-04-30T12:08:56+05:30,human_redis_template,get_by_id,114,200,11.161,707,-
2026-04-30T12:08:56+05:30,human_redis_template,get_by_id,115,200,1.582,707,-
2026-04-30T12:08:56+05:30,human_redis_template,get_by_id,116,200,1.558,707,-
2026-04-30T12:08:56+05:30,human_redis_template,get_by_id,117,200,1.581,707,-
2026-04-30T12:08:56+05:30,human_redis_template,get_by_id,118,200,11.563,707,-
2026-04-30T12:08:56+05:30,human_redis_template,get_by_id,119,200,8.978,707,-
2026-04-30T12:08:56+05:30,human_redis_template,get_by_id,120,200,1.642,707,-
2026-04-30T12:08:56+05:30,human_redis_template,get_by_id,121,200,1.565,707,-
2026-04-30T12:08:56+05:30,human_redis_template,get_by_id,122,200,8.321,707,-
2026-04-30T12:08:56+05:30,human_redis_template,get_by_id,123,200,1.985,707,-
2026-04-30T12:08:56+05:30,human_redis_template,get_by_id,124,200,1.970,707,-
2026-04-30T12:08:56+05:30,human_redis_template,get_by_id,125,200,8.259,707,-
2026-04-30T12:08:56+05:30,human_redis_template,get_by_id,126,200,1.650,707,-
2026-04-30T12:08:56+05:30,human_redis_template,get_by_id,127,200,1.917,707,-
2026-04-30T12:08:57+05:30,human_redis_template,get_by_id,128,200,2.416,707,-
2026-04-30T12:08:57+05:30,human_redis_template,get_by_id,129,200,1.668,707,-
2026-04-30T12:08:57+05:30,human_redis_template,get_by_id,130,200,1.654,707,-
2026-04-30T12:08:57+05:30,human_redis_template,get_by_id,131,200,1.849,707,-
2026-04-30T12:08:57+05:30,human_redis_template,get_by_id,132,200,2.116,707,-
2026-04-30T12:08:57+05:30,human_redis_template,get_by_id,133,200,1.503,707,-
2026-04-30T12:08:57+05:30,human_redis_template,get_by_id,134,200,2.390,707,-
2026-04-30T12:08:57+05:30,human_redis_template,get_by_id,135,200,2.033,707,-
2026-04-30T12:08:57+05:30,human_redis_template,get_by_id,136,200,1.734,707,-
2026-04-30T12:08:57+05:30,human_redis_template,get_by_id,137,200,2.101,707,-
2026-04-30T12:08:57+05:30,human_redis_template,get_by_id,138,200,1.509,707,-
2026-04-30T12:08:57+05:30,human_redis_template,get_by_id,139,200,1.655,707,-
2026-04-30T12:08:57+05:30,human_redis_template,get_by_id,140,200,1.454,707,-
2026-04-30T12:08:57+05:30,human_redis_template,get_by_id,141,200,1.621,707,-
2026-04-30T12:08:57+05:30,human_redis_template,get_by_id,142,200,3.806,707,-
2026-04-30T12:08:57+05:30,human_redis_template,get_by_id,143,200,11.148,707,-
2026-04-30T12:08:57+05:30,human_redis_template,get_by_id,144,200,3.261,707,-
2026-04-30T12:08:57+05:30,human_redis_template,get_by_id,145,200,1.481,707,-
2026-04-30T12:08:57+05:30,human_redis_template,get_by_id,146,200,1.538,707,-
2026-04-30T12:08:57+05:30,human_redis_template,get_by_id,147,200,1.521,707,-
2026-04-30T12:08:57+05:30,human_redis_template,get_by_id,148,200,1.998,707,-
2026-04-30T12:08:57+05:30,human_redis_template,get_by_id,149,200,1.692,707,-
2026-04-30T12:08:57+05:30,human_redis_template,get_by_id,150,200,10.515,707,-
2026-04-30T12:08:57+05:30,human_redis_template,get_by_id,151,200,1.468,707,-
2026-04-30T12:08:57+05:30,human_redis_template,get_by_id,152,200,1.438,707,-
2026-04-30T12:08:57+05:30,human_redis_template,get_by_id,153,200,3.000,707,-
2026-04-30T12:08:57+05:30,human_redis_template,get_by_id,154,200,1.499,707,-
2026-04-30T12:08:57+05:30,human_redis_template,get_by_id,155,200,1.544,707,-
2026-04-30T12:08:57+05:30,human_redis_template,get_by_id,156,200,1.466,707,-
2026-04-30T12:08:57+05:30,human_redis_template,get_by_id,157,200,3.490,707,-
2026-04-30T12:08:57+05:30,human_redis_template,get_by_id,158,200,1.495,707,-
2026-04-30T12:08:57+05:30,human_redis_template,get_by_id,159,200,2.006,707,-
2026-04-30T12:08:57+05:30,human_redis_template,get_by_id,160,200,3.688,707,-
2026-04-30T12:08:57+05:30,human_redis_template,get_by_id,161,200,1.956,707,-
2026-04-30T12:08:57+05:30,human_redis_template,get_by_id,162,200,1.478,707,-
2026-04-30T12:08:57+05:30,human_redis_template,get_by_id,163,200,2.438,707,-
2026-04-30T12:08:57+05:30,human_redis_template,get_by_id,164,200,1.582,707,-
2026-04-30T12:08:57+05:30,human_redis_template,get_by_id,165,200,1.530,707,-
2026-04-30T12:08:57+05:30,human_redis_template,get_by_id,166,200,1.648,707,-
2026-04-30T12:08:57+05:30,human_redis_template,get_by_id,167,200,1.482,707,-
2026-04-30T12:08:57+05:30,human_redis_template,get_by_id,168,200,3.061,707,-
2026-04-30T12:08:57+05:30,human_redis_template,get_by_id,169,200,2.941,707,-
2026-04-30T12:08:57+05:30,human_redis_template,get_by_id,170,200,1.832,707,-
2026-04-30T12:08:57+05:30,human_redis_template,get_by_id,171,200,2.320,707,-
2026-04-30T12:08:57+05:30,human_redis_template,get_by_id,172,200,9.117,707,-
2026-04-30T12:08:57+05:30,human_redis_template,get_by_id,173,200,2.658,707,-
2026-04-30T12:08:57+05:30,human_redis_template,get_by_id,174,200,1.676,707,-
2026-04-30T12:08:57+05:30,human_redis_template,get_by_id,175,200,2.020,707,-
2026-04-30T12:08:57+05:30,human_redis_template,get_by_id,176,200,1.639,707,-
2026-04-30T12:08:57+05:30,human_redis_template,get_by_id,177,200,1.525,707,-
2026-04-30T12:08:57+05:30,human_redis_template,get_by_id,178,200,1.510,707,-
2026-04-30T12:08:57+05:30,human_redis_template,get_by_id,179,200,1.634,707,-
2026-04-30T12:08:57+05:30,human_redis_template,get_by_id,180,200,1.442,707,-
2026-04-30T12:08:57+05:30,human_redis_template,get_by_id,181,200,1.974,707,-
2026-04-30T12:08:57+05:30,human_redis_template,get_by_id,182,200,1.579,707,-
2026-04-30T12:08:57+05:30,human_redis_template,get_by_id,183,200,1.928,707,-
2026-04-30T12:08:57+05:30,human_redis_template,get_by_id,184,200,1.810,707,-
2026-04-30T12:08:57+05:30,human_redis_template,get_by_id,185,200,7.961,707,-
2026-04-30T12:08:57+05:30,human_redis_template,get_by_id,186,200,2.088,707,-
2026-04-30T12:08:57+05:30,human_redis_template,get_by_id,187,200,1.470,707,-
2026-04-30T12:08:57+05:30,human_redis_template,get_by_id,188,200,1.494,707,-
2026-04-30T12:08:57+05:30,human_redis_template,get_by_id,189,200,1.498,707,-
2026-04-30T12:08:57+05:30,human_redis_template,get_by_id,190,200,1.572,707,-
2026-04-30T12:08:57+05:30,human_redis_template,get_by_id,191,200,1.624,707,-
2026-04-30T12:08:57+05:30,human_redis_template,get_by_id,192,200,1.663,707,-
2026-04-30T12:08:57+05:30,human_redis_template,get_by_id,193,200,2.670,707,-
2026-04-30T12:08:57+05:30,human_redis_template,get_by_id,194,200,11.131,707,-
2026-04-30T12:08:57+05:30,human_redis_template,get_by_id,195,200,11.891,707,-
2026-04-30T12:08:57+05:30,human_redis_template,get_by_id,196,200,2.065,707,-
2026-04-30T12:08:57+05:30,human_redis_template,get_by_id,197,200,9.623,707,-
2026-04-30T12:08:57+05:30,human_redis_template,get_by_id,198,200,2.329,707,-
2026-04-30T12:08:57+05:30,human_redis_template,get_by_id,199,200,3.552,707,-
2026-04-30T12:08:57+05:30,human_redis_template,get_by_id,200,200,2.850,707,-
